{"stat.chestOpened":29,"stat.pickup.tconstruct.book":1,"stat.drop.tombstone.scroll_of_knowledge":1,"stat.drop.improvableskills.skills_book":1,"stat.mineBlock.minecraft.mossy_cobblestone":1,"stat.walkOneCm":103333,"stat.craftItem.minecraft.bed":1,"stat.drop.tombstone.crafting_ingredient":2,"stat.pickup.minecraft.stick":20,"stat.useItem.minecraft.potato":14,"stat.drop.conarm.book":2,"stat.craftItem.minecraft.cooked_porkchop":3,"stat.mineBlock.minecraft.cobblestone":2,"stat.furnaceInteraction":4,"stat.pickup.minecraft.stone_axe":1,"stat.useItem.minecraft.cooked_porkchop":2,"stat.mineBlock.minecraft.double_plant":2,"stat.pickup.tombstone.familiar_stone":1,"stat.drop.tombstone.familiar_receptacle":1,"stat.pickup.minecraft.log":41,"stat.pickup.improvableskills.skills_book":1,"stat.jump":598,"stat.swimOneCm":2039,"stat.pickup.minecraft.coal":1,"stat.fallOneCm":16692,"stat.climbOneCm":378,"stat.pickup.minecraft.beef":7,"stat.useItem.tombstone.gift":1,"stat.pickup.tombstone.crafting_ingredient":4,"stat.pickup.minecraft.carrot":140,"stat.useItem.minecraft.stone_axe":48,"stat.pickup.minecraft.porkchop":7,"stat.pickup.minecraft.chicken":1,"stat.entityKilledBy.HungryZombie":2,"stat.sprintOneCm":102796,"stat.useItem.minecraft.stone_slab2":1,"stat.pickup.tombstone.familiar_receptacle":1,"stat.mineBlock.minecraft.stone_slab":2,"stat.pickup.tombstone.magic_scroll":2,"stat.craftItem.minecraft.stick":4,"stat.useItem.minecraft.cooked_chicken":1,"stat.craftingTableInteraction":2,"stat.pickup.minecraft.rotten_flesh":3,"stat.entityKilledBy.mutantbeasts.mutant_skeleton":1,"stat.killEntity.Chicken":1,"stat.craftItem.minecraft.stone_axe":2,"stat.useItem.minecraft.wheat_seeds":40,"stat.pickup.minecraft.feather":2,"stat.damageTaken":1332,"stat.pickup.minecraft.leather":7,"stat.craftItem.minecraft.stone_pickaxe":2,"stat.useItem.minecraft.carrot":55,"stat.craftItem.tconstruct.materials":27,"stat.mobKills":21,"stat.pickup.minecraft.cobblestone":2,"stat.pickup.dynamictrees.oakseed":16,"stat.drop.tombstone.magic_scroll":1,"stat.craftItem.minecraft.cooked_chicken":1,"stat.flyOneCm":128358,"stat.deaths":5,"tombstone:undead_killed":5,"stat.drop":11,"stat.pickup.conarm.book":1,"stat.pickup.minecraft.wheat_seeds":65,"stat.pickup.minecraft.potato":41,"stat.playOneMinute":33653,"stat.killEntity.Sheep":5,"stat.useItem.minecraft.stone_pickaxe":7,"stat.killEntity.FireZombie":1,"stat.sneakTime":2,"stat.pickup.minecraft.wool":5,"stat.drop.tombstone.familiar_stone":1,"stat.drop.minecraft.stone_axe":1,"stat.timeSinceDeath":211,"stat.pickup.tombstone.scroll_of_knowledge":1,"stat.pickup.minecraft.stone_slab":2,"stat.killEntity.Cow":4,"stat.drop.tconstruct.book":1,"stat.killEntity.Pig":3,"stat.mineBlock.minecraft.tallgrass":18,"stat.pickup.minecraft.mutton":9,"stat.diveOneCm":553,"stat.pickup.minecraft.wheat":39,"stat.pickup.minecraft.mossy_cobblestone":1}