{"stat.chestOpened":23,"stat.pickup.tconstruct.book":1,"stat.drop.tombstone.scroll_of_knowledge":1,"stat.drop.improvableskills.skills_book":1,"stat.walkOneCm":45804,"stat.drop.tombstone.crafting_ingredient":2,"stat.pickup.minecraft.stick":20,"stat.drop.conarm.book":2,"stat.craftItem.minecraft.cooked_porkchop":3,"stat.furnaceInteraction":4,"stat.useItem.minecraft.cooked_porkchop":2,"stat.mineBlock.minecraft.double_plant":2,"stat.pickup.tombstone.familiar_stone":1,"stat.drop.tombstone.familiar_receptacle":1,"stat.pickup.minecraft.log":41,"stat.pickup.improvableskills.skills_book":1,"stat.jump":362,"stat.swimOneCm":217,"stat.fallOneCm":9588,"stat.climbOneCm":98,"stat.useItem.tombstone.gift":1,"stat.pickup.tombstone.crafting_ingredient":2,"stat.useItem.minecraft.stone_axe":13,"stat.pickup.minecraft.porkchop":3,"stat.pickup.minecraft.chicken":1,"stat.sprintOneCm":51538,"stat.pickup.tombstone.familiar_receptacle":1,"stat.pickup.tombstone.magic_scroll":1,"stat.craftItem.minecraft.stick":4,"stat.entityKilledBy.mutantbeasts.mutant_skeleton":1,"stat.killEntity.Chicken":1,"stat.craftItem.minecraft.stone_axe":2,"stat.pickup.minecraft.feather":2,"stat.damageTaken":525,"stat.craftItem.minecraft.stone_pickaxe":2,"stat.craftItem.tconstruct.materials":27,"stat.mobKills":3,"stat.pickup.dynamictrees.oakseed":16,"stat.drop.tombstone.magic_scroll":1,"stat.craftItem.minecraft.cooked_chicken":1,"stat.flyOneCm":78582,"stat.deaths":2,"tombstone:undead_killed":1,"stat.drop":10,"stat.pickup.conarm.book":1,"stat.pickup.minecraft.wheat_seeds":7,"stat.playOneMinute":21953,"stat.drop.tombstone.familiar_stone":1,"stat.timeSinceDeath":820,"stat.pickup.tombstone.scroll_of_knowledge":1,"stat.drop.tconstruct.book":1,"stat.killEntity.Pig":1,"stat.mineBlock.minecraft.tallgrass":8,"stat.pickup.minecraft.wheat":6}