{"stat.chestOpened":16,"stat.pickup.tconstruct.book":1,"stat.drop.tombstone.scroll_of_knowledge":1,"stat.drop.improvableskills.skills_book":1,"stat.walkOneCm":21579,"stat.drop.tombstone.crafting_ingredient":2,"stat.pickup.minecraft.stick":18,"stat.drop.conarm.book":2,"stat.craftItem.minecraft.stone_axe":2,"stat.craftItem.minecraft.stone_pickaxe":2,"stat.pickup.tombstone.familiar_stone":1,"stat.pickup.dynamictrees.oakseed":15,"stat.drop.tombstone.magic_scroll":1,"stat.drop.tombstone.familiar_receptacle":1,"stat.pickup.minecraft.log":36,"stat.pickup.improvableskills.skills_book":1,"stat.flyOneCm":12915,"stat.drop":10,"stat.pickup.conarm.book":1,"stat.jump":95,"stat.swimOneCm":217,"stat.playOneMinute":9353,"stat.fallOneCm":2417,"stat.pickup.tombstone.crafting_ingredient":2,"stat.useItem.minecraft.stone_axe":5,"stat.drop.tombstone.familiar_stone":1,"stat.timeSinceDeath":9353,"stat.pickup.tombstone.scroll_of_knowledge":1,"stat.sprintOneCm":9655,"stat.pickup.tombstone.familiar_receptacle":1,"stat.drop.tconstruct.book":1,"stat.pickup.tombstone.magic_scroll":1,"stat.craftItem.minecraft.stick":4}