{"stat.walkOneCm":10520,"stat.pickup.minecraft.gravel":2,"stat.leaveGame":1,"stat.pickup.minecraft.leather":1,"stat.damageTaken":10,"stat.mineBlock.byg.prairie_grass":3,"stat.pickup.byg.firlog":4,"stat.mobKills":1,"stat.flyOneCm":9480,"stat.pickup.minecraft.wheat_seeds":7,"stat.jump":56,"stat.swimOneCm":437,"stat.playOneMinute":3007,"stat.fallOneCm":2471,"stat.pickup.minecraft.beef":3,"stat.mineBlock.minecraft.gravel":2,"stat.mineBlock.byg.prairie_grass8":6,"stat.timeSinceDeath":3007,"stat.mineBlock.byg.prairie_grass7":2,"stat.mineBlock.byg.prairie_grass4":3,"stat.killEntity.Cow":1,"stat.sprintOneCm":8839,"stat.mineBlock.byg.prairie_grass3":4,"stat.mineBlock.byg.firlog":4,"stat.mineBlock.byg.prairie_grass6":6,"stat.mineBlock.byg.prairie_grass5":5,"stat.mineBlock.minecraft.tallgrass":45,"stat.mineBlock.byg.prairie_grass2":3}