{"stat.drop.minecraft.stone_pickaxe":2,"stat.pickup.minecraft.tripwire_hook":1,"stat.pickup.minecraft.bone":11,"stat.killEntity.HungryZombie":2,"stat.useItem.minecraft.iron_axe":143,"stat.leaveGame":1,"stat.killEntity.HuskZombie":1,"stat.mineBlock.minecraft.pumpkin":3,"stat.mineBlock.minecraft.cobblestone":17,"stat.pickup.minecraft.stone_pickaxe":1,"stat.pickup.minecraft.flint":16,"stat.craftItem.minecraft.iron_axe":2,"stat.mineBlock.minecraft.concrete":2,"stat.swimOneCm":13217,"stat.climbOneCm":1360,"stat.pickup.minecraft.enchanted_book":2,"stat.useItem.minecraft.dirt":160,"stat.useItem.minecraft.stone_slab2":23,"stat.pickup.minecraft.bow":1,"stat.pickup.minecraft.iron_boots":1,"stat.pickup.minecraft.rotten_flesh":38,"stat.pickup.minecraft.diamond_horse_armor":1,"stat.pickup.minecraft.sand":165,"stat.pickup.minecraft.stone_hoe":1,"stat.craftItem.minecraft.furnace":2,"stat.killEntity.BruteZombie":3,"stat.killEntity.artifacts.mimic":1,"stat.craftItem.minecraft.stone_axe":2,"stat.craftItem.minecraft.iron_boots":1,"stat.useItem.minecraft.iron_ore":9,"stat.killEntity.SniperSkeleton":1,"stat.craftItem.minecraft.stone_pickaxe":2,"stat.craftItem.minecraft.cooked_beef":25,"stat.pickup.minecraft.cobblestone":261,"stat.pickup.minecraft.leather_boots":1,"stat.mineBlock.minecraft.clay":31,"stat.useItem.minecraft.stone_shovel":359,"stat.flyOneCm":210846,"stat.craftItem.minecraft.iron_shovel":1,"stat.pickup.minecraft.chainmail_chestplate":1,"stat.mineBlock.minecraft.sand":168,"stat.pickup.minecraft.fish":3,"stat.useItem.minecraft.cooked_beef":25,"stat.pickup.minecraft.redstone":1,"stat.mineBlock.minecraft.iron_ore":108,"stat.timeSinceDeath":1010,"stat.useItem.minecraft.iron_pickaxe":257,"stat.craftItem.minecraft.wooden_pickaxe":1,"stat.pickup.minecraft.mutton":14,"stat.useItem.minecraft.iron_shovel":105,"stat.craftItem.minecraft.iron_block":1,"stat.killEntity.FireSkeleton":1,"stat.furnaceInteraction":90,"stat.useItem.minecraft.cooked_porkchop":2,"stat.mineBlock.minecraft.coal_ore":82,"stat.craftItem.minecraft.stone_hoe":1,"stat.craftItem.tconstruct.soil":330,"stat.pickup.minecraft.string":24,"stat.pickup.improvableskills.skills_book":1,"stat.pickup.spartanshields.shield_tower_stone":1,"stat.pickup.minecraft.beef":14,"stat.useItem.minecraft.cooked_mutton":14,"stat.pickup.tombstone.crafting_ingredient":6,"stat.craftItem.minecraft.stone_slab2":0,"stat.killEntity.WebCaveSpider":1,"stat.killEntity.Squid":1,"stat.mineBlock.minecraft.stained_hardened_clay":2,"stat.sprintOneCm":222495,"stat.pickup.minecraft.skull":3,"stat.pickup.improvableskills.scroll_normal":1,"stat.craftItem.minecraft.stick":48,"stat.pickup.tombstone.magic_scroll":6,"stat.pickup.mowziesmobs.wrought_helmet":1,"stat.mineBlock.minecraft.crafting_table":4,"stat.killEntity.WitchCaveSpider":3,"stat.killEntity.PlagueZombie":1,"stat.pickup.dynamictrees.oakseed":10,"stat.pickup.minecraft.sugar":4,"stat.deaths":6,"stat.mineBlock.minecraft.planks":8,"stat.drop":4,"stat.killEntity.SpitfireSkeleton":1,"stat.playOneMinute":124617,"stat.killEntity.PoisonSkeleton":1,"stat.drop.minecraft.string":1,"stat.killEntity.Sheep":8,"stat.craftItem.minecraft.iron_pickaxe":2,"stat.pickup.minecraft.dispenser":1,"stat.pickup.minecraft.fire_charge":3,"stat.mineBlock.minecraft.tallgrass":18,"stat.craftItem.minecraft.cooked_mutton":14,"stat.diveOneCm":21202,"stat.chestOpened":101,"stat.pickup.minecraft.pumpkin":3,"stat.craftItem.ironbackpacks.backpack":1,"stat.useItem.minecraft.stone":20,"stat.mineBlock.minecraft.dispenser":2,"stat.pickup.minecraft.gravel":201,"stat.mineBlock.tconstruct.seared_furnace_controller":1,"stat.pickup.minecraft.arrow":15,"stat.killEntity.FlyingCaveSpider":2,"stat.craftItem.minecraft.cooked_porkchop":3,"stat.pickup.minecraft.stone_axe":1,"stat.useItem.minecraft.rotten_flesh":12,"stat.jump":1486,"stat.pickup.minecraft.coal":83,"stat.fallOneCm":36566,"stat.pickup.minecraft.iron_ingot":1,"stat.useItem.minecraft.stone_axe":57,"stat.pickup.minecraft.gunpowder":7,"stat.crouchOneCm":6595,"stat.mineBlock.minecraft.chest":1,"stat.pickup.minecraft.spider_eye":4,"stat.craftItem.minecraft.torch":128,"stat.craftItem.minecraft.chest":2,"stat.craftItem.minecraft.iron_ingot":52,"stat.pickup.minecraft.dirt":180,"stat.craftingTableInteraction":30,"stat.pickup.minecraft.iron_ore":106,"stat.damageTaken":5314,"stat.pickup.minecraft.leather":7,"stat.pickup.minecraft.feather":3,"stat.mineBlock.minecraft.torch":6,"stat.useItem.minecraft.wooden_pickaxe":21,"stat.dispenserInspected":3,"stat.craftItem.tconstruct.materials":38,"stat.pickup.minecraft.dye":3,"stat.pickup.minecraft.planks":8,"stat.pickup.minecraft.reeds":11,"stat.pickup.minecraft.bed":1,"stat.pickup.artifacts.thorn_pendant":1,"tombstone:undead_killed":41,"stat.pickup.minecraft.wheat_seeds":6,"stat.mineBlock.minecraft.gravel":179,"stat.useItem.minecraft.stone_pickaxe":217,"stat.craftItem.minecraft.iron_leggings":1,"stat.sleepInBed":4,"stat.killEntity.FishingZombie":3,"stat.killEntity.Cow":5,"stat.mineBlock.minecraft.dirt":114,"stat.useItem.minecraft.crafting_table":1,"stat.pickup.artifacts.obsidian_skull":1,"stat.pickup.minecraft.chainmail_boots":1,"stat.craftItem.minecraft.stone_shovel":3,"stat.walkOneCm":502236,"stat.useItem.minecraft.torch":143,"stat.pickup.minecraft.golden_apple":1,"stat.pickup.minecraft.stick":17,"stat.pickup.minecraft.crafting_table":3,"stat.pickup.minecraft.clay_ball":179,"stat.useItem.minecraft.cobblestone":88,"stat.craftItem.minecraft.crafting_table":2,"stat.useItem.dynamictrees.oakseed":2,"stat.pickup.minecraft.log":28,"stat.useItem.tombstone.gift":1,"stat.pickup.minecraft.stone":29,"stat.craftItem.minecraft.iron_chestplate":1,"stat.pickup.minecraft.tipped_arrow":2,"stat.pickup.tombstone.familiar_receptacle":1,"stat.mineBlock.minecraft.tripwire_hook":2,"stat.craftItem.minecraft.bucket":1,"stat.mineBlock.minecraft.stonebrick":1,"stat.craftItem.minecraft.planks":88,"stat.mobKills":84,"stat.killEntity.StraySkeleton":1,"stat.useItem.minecraft.golden_apple":1,"stat.pickup.minecraft.diamond":2,"stat.pickup.minecraft.torch":24,"stat.killEntity.FireZombie":1,"stat.sneakTime":2833,"stat.pickup.minecraft.wool":8,"stat.drop.minecraft.stone_axe":1,"stat.pickup.minecraft.stone_slab":35,"stat.mineBlock.minecraft.stone":247,"stat.pickup.minecraft.chest":1}