{"stat.useItem.minecraft.bow":94,"stat.leaveGame":3,"stat.craftItem.minecraft.iron_axe":4,"stat.pickup.tconstruct.edible":5,"stat.pickup.tombstone.familiar_stone":6,"stat.drop.tconstruct.pickaxe":1,"stat.mineBlock.minecraft.web":51,"stat.pickup.minecraft.golden_boots":2,"stat.pickup.minecraft.glowstone_dust":39,"stat.pickup.iceandfire.stymphalian_bird_feather":5,"stat.useItem.minecraft.water_bucket":16,"stat.mineBlock.minecraft.stone_brick_stairs":8,"stat.pickup.minecraft.rotten_flesh":101,"stat.pickup.minecraft.sand":165,"stat.drop.mowziesmobs.wrought_axe":1,"stat.craftItem.minecraft.stone_axe":2,"stat.pickup.iceandfire.witherbone":5,"stat.pickup.minecraft.leather_boots":2,"stat.craftItem.minecraft.iron_shovel":1,"stat.pickup.minecraft.chainmail_chestplate":1,"stat.mineBlock.minecraft.sand":168,"stat.useItem.tconstruct.slime_sapling":22,"stat.craftItem.minecraft.cooked_fish":3,"stat.useItem.minecraft.iron_pickaxe":896,"stat.pickup.tconstruct.slime_sapling":71,"stat.craftItem.minecraft.wooden_pickaxe":1,"stat.mineBlock.tconstruct.slime_grass_tall":2,"stat.useItem.minecraft.iron_shovel":282,"stat.trappedChestTriggered":1,"stat.mineBlock.minecraft.vine":7,"stat.furnaceInteraction":160,"stat.killEntity.ZombieVillager":1,"stat.pickup.minecraft.nether_brick":3,"stat.pickup.improvableskills.skills_book":1,"stat.pickup.spartanshields.shield_tower_stone":1,"stat.pickup.minecraft.beef":58,"stat.useItem.minecraft.cooked_mutton":16,"stat.pickup.tconstruct.cast":4,"stat.killEntity.WebCaveSpider":2,"stat.killEntity.DoomCreeper":1,"stat.mineBlock.minecraft.stained_hardened_clay":2,"stat.pickup.mowziesmobs.wrought_axe":2,"stat.pickup.minecraft.skull":3,"stat.pickup.tombstone.magic_scroll":10,"stat.mineBlock.tconstruct.ore":185,"stat.pickup.mowziesmobs.wrought_helmet":1,"stat.pickup.minecraft.stone_stairs":3,"stat.killEntity.WitchCaveSpider":5,"stat.killEntity.PlagueZombie":3,"stat.pickup.tconstruct.slime_dirt":15,"stat.pickup.dynamictrees.oakseed":12,"stat.useItem.minecraft.dye":223,"stat.useItem.minecraft.beef":5,"stat.mineBlock.tconstruct.slime_vine_purple_mid":3,"stat.mineBlock.minecraft.oak_stairs":2,"stat.deaths":15,"stat.playOneMinute":533871,"stat.pickup.minecraft.blaze_rod":2,"stat.drop.minecraft.string":1,"stat.craftItem.minecraft.iron_pickaxe":4,"stat.killEntity.MotherCaveSpider":3,"stat.killEntity.LightningCreeper":1,"stat.pickup.minecraft.dispenser":1,"stat.mineBlock.minecraft.tallgrass":110,"stat.craftItem.minecraft.cooked_mutton":14,"stat.pickup.minecraft.netherrack":3630,"stat.pickup.minecraft.cooked_mutton":2,"stat.chestOpened":342,"stat.pickup.minecraft.pumpkin":3,"stat.useItem.minecraft.fish":6,"stat.useItem.minecraft.stone":26,"stat.pickup.tconstruct.casting":6,"stat.pickup.conarm.chestplate":1,"stat.mineBlock.minecraft.dispenser":2,"stat.mineBlock.minecraft.netherrack":5114,"stat.pickup.minecraft.arrow":65,"stat.pickup.minecraft.waterlily":2,"stat.pickup.tconstruct.hammer_head":1,"stat.craftItem.minecraft.iron_hoe":1,"stat.fallOneCm":129094,"stat.killEntity.NinjaSkeleton":1,"stat.pickup.minecraft.carrot":2,"stat.crouchOneCm":24853,"stat.mineBlock.minecraft.chest":1,"stat.craftItem.minecraft.chest":3,"stat.craftItem.minecraft.iron_ingot":79,"stat.killEntity.BruteWitherSkeleton":1,"stat.craftingTableInteraction":45,"stat.pickup.iceandfire.silver_ore":23,"stat.craftItem.tconstruct.pattern":20,"stat.pickup.minecraft.feather":6,"stat.craftItem.tconstruct.materials":92,"stat.pickup.minecraft.dye":184,"stat.pickup.minecraft.planks":52,"stat.pickup.minecraft.iron_leggings":1,"stat.pickup.minecraft.wheat_seeds":12,"stat.mineBlock.minecraft.gravel":215,"stat.useItem.minecraft.stone_pickaxe":217,"stat.craftItem.minecraft.iron_leggings":2,"stat.useItem.minecraft.stone_sword":62,"stat.pickup.darkutils.material":5,"stat.killEntity.DesertSpider":1,"stat.useItem.mowziesmobs.wrought_axe":60,"stat.mineBlock.minecraft.dirt":248,"stat.pickup.minecraft.chainmail_boots":1,"stat.killEntity.GravelCreeper":1,"stat.pickup.tconstruct.pattern":1,"stat.useItem.minecraft.torch":455,"stat.useItem.minecraft.bread":4,"stat.pickup.minecraft.golden_apple":1,"stat.drop.tombstone.crafting_ingredient":1,"stat.pickup.minecraft.iron_nugget":7,"stat.mineBlock.iceandfire.silver_ore":20,"stat.drop.minecraft.rotten_flesh":4,"stat.pickup.minecraft.crafting_table":6,"stat.useItem.minecraft.cobblestone":278,"stat.craftItem.minecraft.crafting_table":3,"stat.mineBlock.minecraft.double_plant":1,"stat.pickup.tconstruct.pickaxe":1,"stat.useItem.dynamictrees.oakseed":2,"stat.pickup.minecraft.log":55,"stat.useItem.minecraft.cooked_fish":3,"stat.useItem.tconstruct.pickaxe":1978,"stat.pickup.minecraft.web":1,"stat.pickup.minecraft.tipped_arrow":2,"stat.pickup.minecraft.apple":14,"stat.drop.minecraft.bow":1,"stat.mineBlock.minecraft.tripwire_hook":2,"stat.craftItem.minecraft.bucket":2,"stat.craftItem.minecraft.planks":196,"stat.useItem.minecraft.iron_sword":77,"stat.mineBlock.tconstruct.slime_grass":9,"stat.pickup.minecraft.stone_sword":1,"stat.pickup.minecraft.book":9,"stat.useItem.minecraft.stonebrick":11,"stat.killEntity.FireZombie":2,"stat.sneakTime":7771,"stat.pickup.minecraft.wool":9,"stat.pickup.minecraft.rabbit":1,"stat.useItem.minecraft.baked_potato":36,"stat.pickup.minecraft.stone_slab":46,"stat.pickup.minecraft.chest":1,"stat.drop.minecraft.stone_pickaxe":2,"stat.pickup.minecraft.tripwire_hook":1,"stat.pickup.minecraft.bone":66,"stat.pickup.conarm.helmet":1,"stat.killEntity.HungryZombie":6,"stat.useItem.minecraft.iron_axe":481,"stat.killEntity.HuskZombie":4,"stat.mineBlock.minecraft.pumpkin":3,"stat.mineBlock.minecraft.cobblestone":212,"stat.pickup.minecraft.stone_pickaxe":1,"stat.pickup.minecraft.flint":21,"stat.craftItem.tombstone.grave_key":3,"stat.pickup.minecraft.leather_chestplate":1,"stat.mineBlock.minecraft.concrete":2,"stat.swimOneCm":51988,"stat.climbOneCm":2324,"stat.pickup.minecraft.enchanted_book":4,"stat.useItem.minecraft.dirt":243,"stat.killEntity.BabyCaveSpider":14,"stat.useItem.minecraft.stone_slab2":65,"stat.pickup.minecraft.bow":2,"stat.pickup.minecraft.iron_boots":2,"stat.pickup.minecraft.diamond_horse_armor":1,"stat.mineBlock.tconstruct.slime_vine_purple_end":1,"stat.pickup.minecraft.stone_hoe":1,"stat.craftItem.minecraft.furnace":4,"stat.killEntity.BruteZombie":3,"stat.killEntity.artifacts.mimic":2,"stat.pickup.minecraft.enchanting_table":1,"stat.craftItem.minecraft.iron_boots":1,"stat.useItem.minecraft.iron_ore":9,"stat.killEntity.SniperSkeleton":1,"stat.craftItem.minecraft.stone_pickaxe":2,"stat.craftItem.minecraft.cooked_beef":70,"stat.mineBlock.minecraft.obsidian":16,"stat.pickup.minecraft.cobblestone":3106,"stat.mineBlock.minecraft.clay":31,"stat.useItem.minecraft.stone_shovel":359,"stat.flyOneCm":972435,"stat.pickup.minecraft.glass_bottle":3,"stat.pickup.minecraft.fish":3,"stat.pickup.mowziesmobs.glowing_jelly":1,"stat.useItem.minecraft.cooked_beef":83,"stat.pickup.minecraft.redstone":511,"stat.mineBlock.minecraft.iron_ore":254,"stat.timeSinceDeath":152826,"stat.pickup.minecraft.mutton":14,"stat.pickup.minecraft.mossy_cobblestone":66,"stat.craftItem.minecraft.iron_block":1,"stat.useItem.minecraft.potato":173,"stat.craftItem.tconstruct.seared":10,"stat.killEntity.FireSkeleton":1,"stat.pickup.minecraft.stonebrick":23,"stat.mineBlock.minecraft.enchanting_table":1,"stat.useItem.minecraft.cooked_porkchop":2,"stat.mineBlock.minecraft.coal_ore":205,"stat.mineBlock.minecraft.nether_brick":1,"stat.pickup.minecraft.shield":1,"stat.craftItem.minecraft.stone_hoe":1,"stat.drop.minecraft.baked_potato":3,"stat.craftItem.tconstruct.soil":330,"stat.pickup.minecraft.string":111,"stat.killEntity.BruteSkeleton":1,"stat.pickup.tombstone.crafting_ingredient":22,"stat.useItem.minecraft.milk_bucket":5,"stat.craftItem.minecraft.stone_slab2":12,"stat.killEntity.Squid":1,"stat.sprintOneCm":965823,"stat.useItem.tconstruct.slime_dirt":14,"stat.pickup.improvableskills.scroll_normal":1,"stat.craftItem.minecraft.stick":152,"stat.useItem.tombstone.magic_scroll":1,"stat.mineBlock.minecraft.diamond_ore":15,"stat.mineBlock.minecraft.crafting_table":7,"stat.useItem.minecraft.diamond_pickaxe":16,"stat.useItem.minecraft.carrot":1,"stat.pickup.minecraft.leather_leggings":2,"stat.pickup.conarm.boots":1,"stat.pickup.minecraft.sugar":6,"stat.pickup.minecraft.spawn_egg":2,"stat.mineBlock.minecraft.planks":8,"stat.drop":19,"stat.killEntity.SpitfireSkeleton":2,"stat.killEntity.PoisonSkeleton":2,"stat.killEntity.Sheep":9,"stat.pickup.tconstruct.ore":184,"stat.killEntity.KnightWitherSkeleton":1,"stat.useItem.tconstruct.seared":9,"stat.pickup.tconstruct.tough_tool_rod":1,"stat.pickup.minecraft.golden_chestplate":1,"stat.craftItem.minecraft.dye":231,"stat.useItem.tconstruct.hammer":7050,"stat.pickup.minecraft.fire_charge":7,"stat.mineBlock.minecraft.gold_ore":47,"stat.diveOneCm":44779,"stat.mineBlock.minecraft.mossy_cobblestone":74,"stat.craftItem.ironbackpacks.backpack":1,"stat.pickup.minecraft.gravel":227,"stat.mineBlock.tconstruct.seared_furnace_controller":1,"stat.killEntity.FlyingCaveSpider":4,"stat.craftItem.minecraft.cooked_porkchop":3,"stat.drop.minecraft.cooked_beef":2,"stat.pickup.minecraft.stone_axe":1,"stat.mineBlock.tconstruct.slime_leaves":257,"stat.useItem.minecraft.apple":16,"stat.pickup.minecraft.obsidian":16,"stat.mineBlock.tconstruct.slime_dirt":6,"stat.useItem.minecraft.rotten_flesh":35,"stat.pickup.minecraft.stone_brick_stairs":8,"stat.jump":5550,"stat.pickup.minecraft.coal":207,"stat.pickup.minecraft.iron_ingot":5,"stat.useItem.minecraft.stone_axe":57,"stat.pickup.minecraft.gunpowder":18,"stat.pickup.minecraft.spider_eye":11,"stat.craftItem.minecraft.torch":496,"stat.entityKilledBy.HungryZombie":1,"stat.pickup.minecraft.dirt":309,"stat.pickup.minecraft.iron_ore":267,"stat.pickup.tconstruct.slime_congealed":157,"stat.pickup.minecraft.gold_ore":47,"stat.mineBlock.minecraft.lapis_ore":28,"stat.mineBlock.minecraft.stone_stairs":4,"stat.damageTaken":15832,"stat.pickup.minecraft.leather":31,"stat.useItem.minecraft.stone_brick_stairs":3,"stat.drop.tconstruct.cast":1,"stat.mineBlock.minecraft.torch":15,"stat.useItem.minecraft.wooden_pickaxe":21,"stat.dispenserInspected":3,"stat.pickup.minecraft.reeds":11,"stat.pickup.minecraft.bed":1,"stat.pickup.artifacts.thorn_pendant":1,"tombstone:undead_killed":151,"stat.killEntity.KnightSkeleton":3,"stat.killEntity.SniperWitherSkeleton":1,"stat.pickup.minecraft.potato":263,"stat.pickup.minecraft.oak_stairs":2,"stat.damageDealt":63,"stat.sleepInBed":13,"stat.killEntity.FishingZombie":4,"stat.craftItem.minecraft.baked_potato":49,"stat.killEntity.Cow":31,"stat.useItem.minecraft.crafting_table":1,"stat.pickup.artifacts.obsidian_skull":1,"stat.craftItem.minecraft.stone_shovel":3,"stat.walkOneCm":1845950,"stat.pickup.minecraft.stick":21,"stat.pickup.minecraft.diamond_pickaxe":1,"stat.pickup.minecraft.clay_ball":179,"stat.useItem.minecraft.lava_bucket":17,"stat.drop.minecraft.netherrack":1,"stat.useItem.tombstone.gift":3,"stat.pickup.minecraft.stone":397,"stat.craftItem.minecraft.iron_chestplate":2,"stat.killEntity.GiantZombie":5,"stat.pickup.minecraft.ender_pearl":1,"stat.pickup.tombstone.familiar_receptacle":1,"stat.pickup.minecraft.cooked_beef":17,"stat.useItem.minecraft.netherrack":227,"stat.mineBlock.minecraft.stonebrick":27,"stat.mineBlock.minecraft.quartz_ore":106,"stat.killEntity.stymphalianbird":2,"stat.mineBlock.minecraft.glowstone":11,"stat.mobKills":305,"stat.mineBlock.minecraft.bookshelf":3,"stat.pickup.minecraft.quartz":121,"stat.killEntity.StraySkeleton":1,"stat.useItem.minecraft.golden_apple":2,"stat.pickup.artifacts.whoopie_cushion":1,"stat.useItem.minecraft.mossy_cobblestone":2,"stat.pickup.minecraft.diamond":40,"stat.pickup.minecraft.torch":42,"stat.mineBlock.minecraft.redstone_ore":62,"stat.mineBlock.tconstruct.casting":6,"stat.drop.minecraft.stone_axe":1,"stat.mineBlock.minecraft.stone":3635}