{"stat.drop.minecraft.stone_pickaxe":2,"stat.pickup.minecraft.tripwire_hook":1,"stat.pickup.minecraft.bone":7,"stat.killEntity.HungryZombie":1,"stat.useItem.minecraft.iron_axe":103,"stat.leaveGame":1,"stat.killEntity.HuskZombie":1,"stat.mineBlock.minecraft.pumpkin":3,"stat.mineBlock.minecraft.cobblestone":10,"stat.pickup.minecraft.stone_pickaxe":1,"stat.pickup.minecraft.flint":16,"stat.craftItem.minecraft.iron_axe":1,"stat.mineBlock.minecraft.concrete":2,"stat.swimOneCm":13217,"stat.climbOneCm":1318,"stat.pickup.minecraft.enchanted_book":2,"stat.useItem.minecraft.dirt":160,"stat.useItem.minecraft.stone_slab2":20,"stat.pickup.minecraft.iron_boots":1,"stat.pickup.minecraft.rotten_flesh":18,"stat.pickup.minecraft.sand":165,"stat.pickup.minecraft.stone_hoe":1,"stat.craftItem.minecraft.furnace":2,"stat.killEntity.BruteZombie":2,"stat.killEntity.artifacts.mimic":1,"stat.craftItem.minecraft.stone_axe":2,"stat.craftItem.minecraft.iron_boots":1,"stat.useItem.minecraft.iron_ore":9,"stat.killEntity.SniperSkeleton":1,"stat.craftItem.minecraft.stone_pickaxe":2,"stat.craftItem.minecraft.cooked_beef":25,"stat.pickup.minecraft.cobblestone":222,"stat.mineBlock.minecraft.clay":31,"stat.useItem.minecraft.stone_shovel":359,"stat.flyOneCm":195313,"stat.craftItem.minecraft.iron_shovel":1,"stat.mineBlock.minecraft.sand":168,"stat.useItem.minecraft.cooked_beef":23,"stat.mineBlock.minecraft.iron_ore":108,"stat.timeSinceDeath":3405,"stat.useItem.minecraft.iron_pickaxe":246,"stat.craftItem.minecraft.wooden_pickaxe":1,"stat.pickup.minecraft.mutton":14,"stat.useItem.minecraft.iron_shovel":103,"stat.craftItem.minecraft.iron_block":1,"stat.furnaceInteraction":90,"stat.mineBlock.minecraft.coal_ore":82,"stat.craftItem.minecraft.stone_hoe":1,"stat.craftItem.tconstruct.soil":330,"stat.pickup.minecraft.string":5,"stat.pickup.improvableskills.skills_book":1,"stat.pickup.spartanshields.shield_tower_stone":1,"stat.pickup.minecraft.beef":14,"stat.useItem.minecraft.cooked_mutton":12,"stat.pickup.tombstone.crafting_ingredient":3,"stat.craftItem.minecraft.stone_slab2":0,"stat.killEntity.WebCaveSpider":1,"stat.killEntity.Squid":1,"stat.mineBlock.minecraft.stained_hardened_clay":2,"stat.sprintOneCm":191557,"stat.pickup.minecraft.skull":3,"stat.pickup.improvableskills.scroll_normal":1,"stat.craftItem.minecraft.stick":44,"stat.pickup.tombstone.magic_scroll":4,"stat.pickup.mowziesmobs.wrought_helmet":1,"stat.mineBlock.minecraft.crafting_table":4,"stat.killEntity.WitchCaveSpider":1,"stat.killEntity.PlagueZombie":1,"stat.pickup.dynamictrees.oakseed":10,"stat.pickup.minecraft.sugar":4,"stat.deaths":4,"stat.mineBlock.minecraft.planks":8,"stat.drop":3,"stat.killEntity.SpitfireSkeleton":1,"stat.playOneMinute":112017,"stat.drop.minecraft.string":1,"stat.killEntity.Sheep":8,"stat.craftItem.minecraft.iron_pickaxe":2,"stat.pickup.minecraft.dispenser":1,"stat.pickup.minecraft.fire_charge":2,"stat.mineBlock.minecraft.tallgrass":16,"stat.craftItem.minecraft.cooked_mutton":14,"stat.diveOneCm":21202,"stat.chestOpened":92,"stat.pickup.minecraft.pumpkin":3,"stat.craftItem.ironbackpacks.backpack":1,"stat.useItem.minecraft.stone":20,"stat.mineBlock.minecraft.dispenser":2,"stat.pickup.minecraft.gravel":201,"stat.mineBlock.tconstruct.seared_furnace_controller":1,"stat.pickup.minecraft.arrow":9,"stat.craftItem.minecraft.cooked_porkchop":3,"stat.jump":1317,"stat.pickup.minecraft.coal":83,"stat.fallOneCm":33539,"stat.useItem.minecraft.stone_axe":46,"stat.crouchOneCm":6545,"stat.mineBlock.minecraft.chest":1,"stat.craftItem.minecraft.torch":128,"stat.craftItem.minecraft.chest":2,"stat.craftItem.minecraft.iron_ingot":43,"stat.pickup.minecraft.dirt":178,"stat.craftingTableInteraction":29,"stat.pickup.minecraft.iron_ore":106,"stat.damageTaken":4150,"stat.pickup.minecraft.leather":7,"stat.mineBlock.minecraft.torch":4,"stat.useItem.minecraft.wooden_pickaxe":21,"stat.dispenserInspected":3,"stat.craftItem.tconstruct.materials":38,"stat.pickup.minecraft.dye":3,"stat.pickup.minecraft.planks":8,"stat.pickup.minecraft.reeds":11,"stat.pickup.minecraft.bed":1,"stat.pickup.artifacts.thorn_pendant":1,"tombstone:undead_killed":24,"stat.pickup.minecraft.wheat_seeds":6,"stat.mineBlock.minecraft.gravel":179,"stat.useItem.minecraft.stone_pickaxe":217,"stat.craftItem.minecraft.iron_leggings":1,"stat.sleepInBed":4,"stat.killEntity.Cow":5,"stat.mineBlock.minecraft.dirt":112,"stat.useItem.minecraft.crafting_table":1,"stat.pickup.artifacts.obsidian_skull":1,"stat.craftItem.minecraft.stone_shovel":3,"stat.walkOneCm":431426,"stat.useItem.minecraft.torch":126,"stat.pickup.minecraft.stick":16,"stat.pickup.minecraft.crafting_table":3,"stat.pickup.minecraft.clay_ball":179,"stat.useItem.minecraft.cobblestone":43,"stat.craftItem.minecraft.crafting_table":2,"stat.useItem.dynamictrees.oakseed":2,"stat.pickup.minecraft.log":28,"stat.useItem.tombstone.gift":1,"stat.pickup.minecraft.stone":29,"stat.craftItem.minecraft.iron_chestplate":1,"stat.pickup.tombstone.familiar_receptacle":1,"stat.mineBlock.minecraft.tripwire_hook":2,"stat.craftItem.minecraft.bucket":1,"stat.mineBlock.minecraft.stonebrick":1,"stat.craftItem.minecraft.planks":88,"stat.mobKills":48,"stat.pickup.minecraft.diamond":2,"stat.pickup.minecraft.torch":17,"stat.sneakTime":2814,"stat.pickup.minecraft.wool":8,"stat.mineBlock.minecraft.stone":247,"stat.pickup.minecraft.chest":1}