{"stat.chestOpened":2,"stat.mineBlock.minecraft.monster_egg":2,"stat.walkOneCm":73734,"stat.useItem.minecraft.torch":29,"stat.playerKills":1,"stat.pickup.minecraft.wooden_axe":1,"stat.leaveGame":1,"stat.pickup.minecraft.gravel":1,"stat.pickup.minecraft.crafting_table":4,"stat.mineBlock.byg.prairie_grass":1,"stat.pickup.minecraft.stone_pickaxe":1,"stat.useItem.minecraft.cobblestone":11,"stat.craftItem.minecraft.crafting_table":1,"stat.furnaceInteraction":9,"stat.killEntity.ZombieVillager":1,"stat.mineBlock.minecraft.coal_ore":26,"stat.pickup.minecraft.log":8,"stat.pickup.byg.soapstone":11,"stat.jump":270,"stat.swimOneCm":805,"stat.pickup.minecraft.coal":49,"stat.fallOneCm":4356,"stat.pickup.minecraft.enchanted_book":1,"stat.pickup.minecraft.beef":2,"stat.pickup.minecraft.furnace":1,"stat.useItem.minecraft.stone_axe":10,"stat.craftItem.minecraft.stone_slab2":0,"stat.pickup.minecraft.stone":9,"stat.crouchOneCm":637,"stat.mineBlock.byg.prairie_grass8":2,"stat.mineBlock.byg.prairie_grass7":1,"stat.craftItem.minecraft.torch":44,"stat.craftItem.minecraft.chest":1,"stat.craftItem.minecraft.iron_ingot":4,"stat.pickup.minecraft.sapling":2,"stat.pickup.byg.scoria":113,"stat.pickup.minecraft.dirt":6,"stat.sprintOneCm":31730,"stat.mineBlock.byg.prairie_grass3":1,"stat.mineBlock.byg.prairie_grass6":1,"stat.useItem.minecraft.stone_slab2":9,"stat.useItem.minecraft.fireworks":22,"stat.craftItem.minecraft.stick":28,"stat.craftItem.minecraft.wooden_axe":1,"stat.craftingTableInteraction":10,"stat.pickup.minecraft.iron_ore":14,"stat.pickup.minecraft.rotten_flesh":2,"stat.craftItem.minecraft.furnace":2,"stat.mineBlock.minecraft.lapis_ore":1,"stat.craftItem.minecraft.planks":32,"stat.mineBlock.byg.soapstone":11,"stat.mineBlock.minecraft.diamond_ore":4,"stat.craftItem.minecraft.stone_axe":1,"stat.pickup.minecraft.wooden_pickaxe":1,"stat.damageTaken":431,"stat.mineBlock.minecraft.crafting_table":3,"stat.pickup.minecraft.leather":1,"stat.mineBlock.minecraft.red_flower":1,"stat.craftItem.minecraft.stone_pickaxe":2,"stat.mineBlock.minecraft.torch":2,"stat.mineBlock.minecraft.furnace":1,"stat.dispenserInspected":2,"stat.useItem.minecraft.wooden_pickaxe":8,"stat.craftItem.minecraft.cooked_beef":6,"stat.pickup.byg.firlog":2,"stat.pickup.minecraft.cobblestone":253,"stat.mobKills":2,"stat.mineBlock.minecraft.log":8,"stat.pickup.minecraft.dye":8,"stat.flyOneCm":36942,"stat.deaths":1,"tombstone:undead_killed":1,"stat.pickup.minecraft.diamond":4,"stat.mineBlock.minecraft.leaves":3,"stat.mineBlock.byg.scoria":116,"stat.playOneMinute":47146,"stat.pickup.minecraft.torch":3,"stat.mineBlock.minecraft.gravel":1,"stat.useItem.minecraft.stone_pickaxe":336,"stat.pickup.minecraft.red_flower":1,"stat.useItem.minecraft.cooked_beef":2,"stat.sneakTime":96,"stat.craftItem.minecraft.iron_pickaxe":1,"stat.mineBlock.minecraft.iron_ore":14,"stat.timeSinceDeath":22780,"stat.useItem.minecraft.wooden_axe":8,"stat.killEntity.Cow":1,"stat.mineBlock.byg.firlog":2,"stat.mineBlock.minecraft.dirt":6,"stat.useItem.minecraft.iron_pickaxe":103,"stat.craftItem.minecraft.wooden_pickaxe":1,"stat.mineBlock.minecraft.stone":262,"stat.mineBlock.minecraft.tallgrass":8}