{"stat.leaveGame":2,"stat.mineBlock.minecraft.cobblestone":1,"stat.mineBlock.byg.prairie_grass":1,"stat.pickup.minecraft.stone_pickaxe":1,"stat.swimOneCm":6603,"stat.pickup.minecraft.enchanted_book":1,"stat.useItem.minecraft.stone_slab2":17,"stat.pickup.minecraft.rotten_flesh":2,"stat.craftItem.minecraft.furnace":2,"stat.craftItem.minecraft.stone_axe":1,"stat.craftItem.minecraft.stone_pickaxe":2,"stat.craftItem.minecraft.cooked_beef":6,"stat.pickup.minecraft.cobblestone":381,"stat.flyOneCm":71324,"stat.mineBlock.byg.scoria":288,"stat.useItem.minecraft.cooked_beef":5,"stat.pickup.minecraft.redstone":23,"stat.mineBlock.minecraft.iron_ore":38,"stat.timeSinceDeath":3525,"stat.useItem.minecraft.iron_pickaxe":503,"stat.craftItem.minecraft.wooden_pickaxe":1,"stat.pickup.minecraft.wooden_axe":1,"stat.furnaceInteraction":14,"stat.killEntity.ZombieVillager":1,"stat.mineBlock.minecraft.coal_ore":50,"stat.pickup.minecraft.beef":8,"stat.pickup.minecraft.furnace":2,"stat.craftItem.minecraft.stone_slab2":0,"stat.sprintOneCm":84876,"stat.craftItem.minecraft.stick":44,"stat.craftItem.minecraft.wooden_axe":1,"stat.mineBlock.minecraft.diamond_ore":4,"stat.mineBlock.minecraft.crafting_table":5,"stat.pickup.byg.firlog":2,"stat.deaths":2,"stat.playOneMinute":70689,"stat.craftItem.minecraft.iron_pickaxe":3,"stat.mineBlock.byg.firlog":2,"stat.mineBlock.minecraft.gold_ore":7,"stat.mineBlock.minecraft.tallgrass":20,"stat.diveOneCm":93,"stat.chestOpened":5,"stat.useItem.minecraft.stone":4,"stat.pickup.minecraft.gravel":1,"stat.pickup.byg.soapstone":26,"stat.jump":680,"stat.pickup.minecraft.coal":73,"stat.fallOneCm":9836,"stat.useItem.minecraft.stone_axe":77,"stat.crouchOneCm":1471,"stat.craftItem.minecraft.torch":120,"stat.craftItem.minecraft.chest":1,"stat.craftItem.minecraft.iron_ingot":9,"stat.pickup.byg.scoria":286,"stat.pickup.minecraft.dirt":6,"stat.craftingTableInteraction":13,"stat.pickup.minecraft.iron_ore":38,"stat.pickup.iceandfire.silver_ore":4,"stat.pickup.minecraft.gold_ore":7,"stat.mineBlock.minecraft.lapis_ore":8,"stat.useItem.byg.scoria":26,"stat.pickup.minecraft.wooden_pickaxe":1,"stat.damageTaken":1004,"stat.pickup.minecraft.leather":4,"stat.mineBlock.minecraft.red_flower":1,"stat.mineBlock.minecraft.torch":7,"stat.mineBlock.minecraft.furnace":2,"stat.dispenserInspected":2,"stat.useItem.minecraft.wooden_pickaxe":8,"stat.pickup.minecraft.dye":50,"tombstone:undead_killed":7,"stat.pickup.minecraft.wheat_seeds":1,"stat.mineBlock.minecraft.gravel":1,"stat.useItem.minecraft.stone_pickaxe":351,"stat.killEntity.Cow":5,"stat.mineBlock.minecraft.dirt":6,"stat.mineBlock.minecraft.monster_egg":2,"stat.walkOneCm":166511,"stat.useItem.minecraft.torch":82,"stat.playerKills":1,"stat.mineBlock.iceandfire.silver_ore":4,"stat.pickup.minecraft.crafting_table":6,"stat.useItem.minecraft.cobblestone":45,"stat.craftItem.minecraft.crafting_table":1,"stat.pickup.minecraft.log":38,"stat.pickup.minecraft.stone":35,"stat.mineBlock.byg.prairie_grass8":2,"stat.mineBlock.byg.prairie_grass7":2,"stat.pickup.minecraft.sapling":2,"stat.mineBlock.byg.prairie_grass3":1,"stat.mineBlock.byg.prairie_grass6":1,"stat.useItem.minecraft.fireworks":22,"stat.mineBlock.byg.prairie_grass2":2,"stat.craftItem.minecraft.planks":40,"stat.mineBlock.byg.soapstone":26,"stat.mobKills":14,"stat.mineBlock.minecraft.log":38,"stat.pickup.minecraft.diamond":4,"stat.mineBlock.minecraft.leaves":7,"stat.pickup.minecraft.torch":8,"stat.killEntity.FireZombie":1,"stat.pickup.minecraft.red_flower":1,"stat.mineBlock.minecraft.redstone_ore":5,"stat.sneakTime":248,"stat.useItem.minecraft.wooden_axe":8,"stat.mineBlock.minecraft.stone":417}