{"stat.walkOneCm":7292,"stat.pickup.minecraft.stick":4,"stat.craftItem.minecraft.planks":40,"stat.craftItem.minecraft.stone_axe":1,"stat.damageTaken":158,"stat.useItem.minecraft.wooden_pickaxe":21,"stat.pickup.minecraft.cobblestone":6,"stat.pickup.dynamictrees.oakseed":2,"stat.useItem.dynamictrees.oakseed":1,"stat.pickup.minecraft.log":10,"stat.flyOneCm":4855,"stat.pickup.minecraft.wheat_seeds":1,"stat.jump":22,"stat.playOneMinute":5011,"stat.fallOneCm":209,"stat.sneakTime":6,"stat.crouchOneCm":56,"stat.timeSinceDeath":5011,"stat.pickup.minecraft.dirt":15,"stat.sprintOneCm":1419,"stat.mineBlock.minecraft.dirt":15,"stat.useItem.minecraft.stone_slab2":1,"stat.craftItem.minecraft.wooden_pickaxe":1,"stat.mineBlock.minecraft.stone":6,"stat.mineBlock.minecraft.tallgrass":1,"stat.craftItem.minecraft.stick":8,"stat.craftingTableInteraction":4}