{"stat.drop.minecraft.stone_pickaxe":2,"stat.useItem.minecraft.bow":78,"stat.pickup.minecraft.tripwire_hook":1,"stat.pickup.minecraft.bone":66,"stat.killEntity.HungryZombie":6,"stat.useItem.minecraft.iron_axe":379,"stat.leaveGame":1,"stat.killEntity.HuskZombie":4,"stat.mineBlock.minecraft.pumpkin":3,"stat.mineBlock.minecraft.cobblestone":108,"stat.pickup.minecraft.stone_pickaxe":1,"stat.pickup.minecraft.flint":21,"stat.craftItem.tombstone.grave_key":3,"stat.craftItem.minecraft.iron_axe":4,"stat.pickup.minecraft.leather_chestplate":1,"stat.pickup.tombstone.familiar_stone":5,"stat.mineBlock.minecraft.concrete":2,"stat.swimOneCm":44729,"stat.climbOneCm":1813,"stat.pickup.minecraft.enchanted_book":3,"stat.mineBlock.minecraft.web":51,"stat.pickup.minecraft.golden_boots":2,"stat.pickup.minecraft.glowstone_dust":39,"stat.pickup.iceandfire.stymphalian_bird_feather":4,"stat.useItem.minecraft.dirt":223,"stat.killEntity.BabyCaveSpider":14,"stat.useItem.minecraft.stone_slab2":62,"stat.pickup.minecraft.bow":1,"stat.pickup.minecraft.iron_boots":2,"stat.useItem.minecraft.water_bucket":14,"stat.mineBlock.minecraft.stone_brick_stairs":8,"stat.pickup.minecraft.rotten_flesh":88,"stat.pickup.minecraft.diamond_horse_armor":1,"stat.pickup.minecraft.sand":165,"stat.pickup.minecraft.stone_hoe":1,"stat.craftItem.minecraft.furnace":4,"stat.killEntity.BruteZombie":3,"stat.killEntity.artifacts.mimic":2,"stat.pickup.minecraft.enchanting_table":1,"stat.craftItem.minecraft.stone_axe":2,"stat.craftItem.minecraft.iron_boots":1,"stat.useItem.minecraft.iron_ore":9,"stat.pickup.iceandfire.witherbone":5,"stat.killEntity.SniperSkeleton":1,"stat.craftItem.minecraft.stone_pickaxe":2,"stat.craftItem.minecraft.cooked_beef":70,"stat.mineBlock.minecraft.obsidian":16,"stat.pickup.minecraft.cobblestone":3007,"stat.pickup.minecraft.leather_boots":2,"stat.mineBlock.minecraft.clay":31,"stat.useItem.minecraft.stone_shovel":359,"stat.flyOneCm":736065,"stat.craftItem.minecraft.iron_shovel":1,"stat.pickup.minecraft.glass_bottle":3,"stat.pickup.minecraft.chainmail_chestplate":1,"stat.mineBlock.minecraft.sand":168,"stat.pickup.minecraft.fish":3,"stat.useItem.minecraft.cooked_beef":83,"stat.craftItem.minecraft.cooked_fish":3,"stat.pickup.minecraft.redstone":511,"stat.mineBlock.minecraft.iron_ore":254,"stat.timeSinceDeath":24372,"stat.useItem.minecraft.iron_pickaxe":896,"stat.craftItem.minecraft.wooden_pickaxe":1,"stat.pickup.minecraft.mutton":14,"stat.useItem.minecraft.iron_shovel":245,"stat.pickup.minecraft.mossy_cobblestone":66,"stat.craftItem.minecraft.iron_block":1,"stat.trappedChestTriggered":1,"stat.useItem.minecraft.potato":160,"stat.mineBlock.minecraft.vine":7,"stat.craftItem.tconstruct.seared":10,"stat.killEntity.FireSkeleton":1,"stat.pickup.minecraft.stonebrick":23,"stat.furnaceInteraction":153,"stat.mineBlock.minecraft.enchanting_table":1,"stat.useItem.minecraft.cooked_porkchop":2,"stat.killEntity.ZombieVillager":1,"stat.mineBlock.minecraft.coal_ore":205,"stat.mineBlock.minecraft.nether_brick":1,"stat.pickup.minecraft.shield":1,"stat.craftItem.minecraft.stone_hoe":1,"stat.pickup.minecraft.nether_brick":3,"stat.craftItem.tconstruct.soil":330,"stat.pickup.minecraft.string":111,"stat.pickup.improvableskills.skills_book":1,"stat.pickup.spartanshields.shield_tower_stone":1,"stat.killEntity.BruteSkeleton":1,"stat.pickup.minecraft.beef":58,"stat.useItem.minecraft.cooked_mutton":16,"stat.pickup.tombstone.crafting_ingredient":21,"stat.useItem.minecraft.milk_bucket":5,"stat.pickup.tconstruct.cast":2,"stat.craftItem.minecraft.stone_slab2":11,"stat.killEntity.WebCaveSpider":2,"stat.killEntity.Squid":1,"stat.killEntity.DoomCreeper":1,"stat.mineBlock.minecraft.stained_hardened_clay":2,"stat.sprintOneCm":759959,"stat.pickup.mowziesmobs.wrought_axe":1,"stat.pickup.minecraft.skull":3,"stat.pickup.improvableskills.scroll_normal":1,"stat.craftItem.minecraft.stick":152,"stat.pickup.tombstone.magic_scroll":8,"stat.mineBlock.tconstruct.ore":113,"stat.pickup.mowziesmobs.wrought_helmet":1,"stat.useItem.tombstone.magic_scroll":1,"stat.pickup.minecraft.stone_stairs":3,"stat.mineBlock.minecraft.diamond_ore":15,"stat.mineBlock.minecraft.crafting_table":7,"stat.killEntity.WitchCaveSpider":5,"stat.killEntity.PlagueZombie":3,"stat.useItem.minecraft.diamond_pickaxe":16,"stat.useItem.minecraft.carrot":1,"stat.pickup.dynamictrees.oakseed":12,"stat.pickup.minecraft.leather_leggings":1,"stat.useItem.minecraft.dye":167,"stat.useItem.minecraft.beef":5,"stat.pickup.minecraft.sugar":6,"stat.mineBlock.minecraft.oak_stairs":2,"stat.pickup.minecraft.spawn_egg":2,"stat.deaths":15,"stat.mineBlock.minecraft.planks":8,"stat.drop":13,"stat.killEntity.SpitfireSkeleton":2,"stat.playOneMinute":405417,"stat.killEntity.PoisonSkeleton":2,"stat.pickup.minecraft.blaze_rod":2,"stat.drop.minecraft.string":1,"stat.killEntity.Sheep":9,"stat.pickup.tconstruct.ore":112,"stat.killEntity.KnightWitherSkeleton":1,"stat.useItem.tconstruct.seared":9,"stat.craftItem.minecraft.iron_pickaxe":4,"stat.killEntity.MotherCaveSpider":3,"stat.killEntity.LightningCreeper":1,"stat.pickup.tconstruct.tough_tool_rod":1,"stat.pickup.minecraft.golden_chestplate":1,"stat.craftItem.minecraft.dye":171,"stat.pickup.minecraft.dispenser":1,"stat.useItem.tconstruct.hammer":4629,"stat.pickup.minecraft.fire_charge":5,"stat.mineBlock.minecraft.gold_ore":47,"stat.mineBlock.minecraft.tallgrass":80,"stat.craftItem.minecraft.cooked_mutton":14,"stat.pickup.minecraft.netherrack":1472,"stat.diveOneCm":39222,"stat.pickup.minecraft.cooked_mutton":2,"stat.chestOpened":289,"stat.pickup.minecraft.pumpkin":3,"stat.mineBlock.minecraft.mossy_cobblestone":74,"stat.craftItem.ironbackpacks.backpack":1,"stat.useItem.minecraft.fish":6,"stat.useItem.minecraft.stone":26,"stat.pickup.tconstruct.casting":6,"stat.mineBlock.minecraft.dispenser":2,"stat.mineBlock.minecraft.netherrack":2161,"stat.pickup.minecraft.gravel":227,"stat.mineBlock.tconstruct.seared_furnace_controller":1,"stat.pickup.minecraft.arrow":65,"stat.killEntity.FlyingCaveSpider":4,"stat.pickup.minecraft.waterlily":2,"stat.craftItem.minecraft.cooked_porkchop":3,"stat.drop.minecraft.cooked_beef":2,"stat.pickup.minecraft.stone_axe":1,"stat.pickup.tconstruct.hammer_head":1,"stat.useItem.minecraft.apple":16,"stat.pickup.minecraft.obsidian":16,"stat.useItem.minecraft.rotten_flesh":35,"stat.pickup.minecraft.stone_brick_stairs":8,"stat.craftItem.minecraft.iron_hoe":1,"stat.jump":4627,"stat.pickup.minecraft.coal":207,"stat.fallOneCm":103024,"stat.pickup.minecraft.iron_ingot":5,"stat.killEntity.NinjaSkeleton":1,"stat.pickup.minecraft.carrot":1,"stat.useItem.minecraft.stone_axe":57,"stat.pickup.minecraft.gunpowder":17,"stat.crouchOneCm":23420,"stat.mineBlock.minecraft.chest":1,"stat.pickup.minecraft.spider_eye":11,"stat.craftItem.minecraft.torch":404,"stat.craftItem.minecraft.chest":3,"stat.craftItem.minecraft.iron_ingot":79,"stat.entityKilledBy.HungryZombie":1,"stat.pickup.minecraft.dirt":280,"stat.killEntity.BruteWitherSkeleton":1,"stat.craftingTableInteraction":44,"stat.pickup.minecraft.iron_ore":267,"stat.pickup.iceandfire.silver_ore":23,"stat.pickup.minecraft.gold_ore":47,"stat.mineBlock.minecraft.lapis_ore":28,"stat.craftItem.tconstruct.pattern":20,"stat.mineBlock.minecraft.stone_stairs":4,"stat.damageTaken":15258,"stat.pickup.minecraft.leather":31,"stat.pickup.minecraft.feather":6,"stat.useItem.minecraft.stone_brick_stairs":3,"stat.drop.tconstruct.cast":1,"stat.mineBlock.minecraft.torch":15,"stat.useItem.minecraft.wooden_pickaxe":21,"stat.dispenserInspected":3,"stat.craftItem.tconstruct.materials":92,"stat.pickup.minecraft.dye":184,"stat.pickup.minecraft.planks":52,"stat.pickup.minecraft.reeds":11,"stat.pickup.minecraft.iron_leggings":1,"stat.pickup.minecraft.bed":1,"stat.pickup.artifacts.thorn_pendant":1,"tombstone:undead_killed":142,"stat.killEntity.KnightSkeleton":3,"stat.pickup.minecraft.wheat_seeds":10,"stat.killEntity.SniperWitherSkeleton":1,"stat.pickup.minecraft.potato":232,"stat.pickup.minecraft.oak_stairs":2,"stat.mineBlock.minecraft.gravel":215,"stat.useItem.minecraft.stone_pickaxe":217,"stat.craftItem.minecraft.iron_leggings":2,"stat.useItem.minecraft.stone_sword":62,"stat.pickup.darkutils.material":5,"stat.damageDealt":63,"stat.sleepInBed":9,"stat.killEntity.DesertSpider":1,"stat.killEntity.FishingZombie":3,"stat.craftItem.minecraft.baked_potato":33,"stat.useItem.mowziesmobs.wrought_axe":56,"stat.killEntity.Cow":31,"stat.mineBlock.minecraft.dirt":219,"stat.useItem.minecraft.crafting_table":1,"stat.pickup.artifacts.obsidian_skull":1,"stat.pickup.minecraft.chainmail_boots":1,"stat.killEntity.GravelCreeper":1,"stat.craftItem.minecraft.stone_shovel":3,"stat.walkOneCm":1555777,"stat.pickup.tconstruct.pattern":1,"stat.useItem.minecraft.torch":440,"stat.useItem.minecraft.bread":4,"stat.pickup.minecraft.golden_apple":1,"stat.pickup.minecraft.stick":20,"stat.drop.tombstone.crafting_ingredient":1,"stat.pickup.minecraft.iron_nugget":7,"stat.pickup.minecraft.diamond_pickaxe":1,"stat.mineBlock.iceandfire.silver_ore":20,"stat.drop.minecraft.rotten_flesh":4,"stat.pickup.minecraft.crafting_table":6,"stat.pickup.minecraft.clay_ball":179,"stat.useItem.minecraft.cobblestone":275,"stat.craftItem.minecraft.crafting_table":3,"stat.mineBlock.minecraft.double_plant":1,"stat.useItem.minecraft.lava_bucket":17,"stat.useItem.dynamictrees.oakseed":2,"stat.drop.minecraft.netherrack":1,"stat.pickup.minecraft.log":35,"stat.useItem.minecraft.cooked_fish":3,"stat.useItem.tombstone.gift":3,"stat.useItem.tconstruct.pickaxe":1166,"stat.pickup.minecraft.stone":397,"stat.pickup.minecraft.web":1,"stat.craftItem.minecraft.iron_chestplate":2,"stat.killEntity.GiantZombie":4,"stat.pickup.minecraft.tipped_arrow":2,"stat.pickup.minecraft.ender_pearl":1,"stat.pickup.tombstone.familiar_receptacle":1,"stat.pickup.minecraft.cooked_beef":17,"stat.pickup.minecraft.apple":14,"stat.useItem.minecraft.netherrack":78,"stat.mineBlock.minecraft.tripwire_hook":2,"stat.craftItem.minecraft.bucket":1,"stat.mineBlock.minecraft.stonebrick":27,"stat.craftItem.minecraft.planks":116,"stat.useItem.minecraft.iron_sword":74,"stat.pickup.minecraft.stone_sword":1,"stat.mineBlock.minecraft.quartz_ore":82,"stat.killEntity.stymphalianbird":1,"stat.mineBlock.minecraft.glowstone":11,"stat.mobKills":293,"stat.pickup.minecraft.book":9,"stat.useItem.minecraft.stonebrick":11,"stat.mineBlock.minecraft.bookshelf":3,"stat.pickup.minecraft.quartz":98,"stat.killEntity.StraySkeleton":1,"stat.useItem.minecraft.golden_apple":2,"stat.pickup.artifacts.whoopie_cushion":1,"stat.useItem.minecraft.mossy_cobblestone":2,"stat.pickup.minecraft.diamond":40,"stat.pickup.minecraft.torch":41,"stat.killEntity.FireZombie":1,"stat.mineBlock.minecraft.redstone_ore":62,"stat.sneakTime":7414,"stat.mineBlock.tconstruct.casting":6,"stat.pickup.minecraft.wool":9,"stat.pickup.minecraft.rabbit":1,"stat.drop.minecraft.stone_axe":1,"stat.useItem.minecraft.baked_potato":15,"stat.pickup.minecraft.stone_slab":46,"stat.mineBlock.minecraft.stone":3635,"stat.pickup.minecraft.chest":1}