{"stat.drop.minecraft.stone_pickaxe":2,"stat.pickup.minecraft.tripwire_hook":1,"stat.pickup.minecraft.bone":11,"stat.killEntity.HungryZombie":2,"stat.useItem.minecraft.iron_axe":169,"stat.leaveGame":1,"stat.killEntity.HuskZombie":1,"stat.mineBlock.minecraft.pumpkin":3,"stat.mineBlock.minecraft.cobblestone":40,"stat.pickup.minecraft.stone_pickaxe":1,"stat.pickup.minecraft.flint":16,"stat.craftItem.minecraft.iron_axe":2,"stat.mineBlock.minecraft.concrete":2,"stat.swimOneCm":16945,"stat.climbOneCm":1419,"stat.pickup.minecraft.enchanted_book":2,"stat.useItem.minecraft.dirt":161,"stat.useItem.minecraft.stone_slab2":24,"stat.pickup.minecraft.bow":1,"stat.pickup.minecraft.iron_boots":1,"stat.pickup.minecraft.rotten_flesh":39,"stat.pickup.minecraft.diamond_horse_armor":1,"stat.pickup.minecraft.sand":165,"stat.pickup.minecraft.stone_hoe":1,"stat.craftItem.minecraft.furnace":2,"stat.killEntity.BruteZombie":3,"stat.killEntity.artifacts.mimic":1,"stat.pickup.minecraft.enchanting_table":1,"stat.craftItem.minecraft.stone_axe":2,"stat.craftItem.minecraft.iron_boots":1,"stat.useItem.minecraft.iron_ore":9,"stat.killEntity.SniperSkeleton":1,"stat.craftItem.minecraft.stone_pickaxe":2,"stat.craftItem.minecraft.cooked_beef":25,"stat.pickup.minecraft.cobblestone":396,"stat.pickup.minecraft.leather_boots":1,"stat.mineBlock.minecraft.clay":31,"stat.useItem.minecraft.stone_shovel":359,"stat.flyOneCm":259907,"stat.craftItem.minecraft.iron_shovel":1,"stat.pickup.minecraft.chainmail_chestplate":1,"stat.mineBlock.minecraft.sand":168,"stat.pickup.minecraft.fish":3,"stat.useItem.minecraft.cooked_beef":27,"stat.pickup.minecraft.redstone":1,"stat.mineBlock.minecraft.iron_ore":142,"stat.timeSinceDeath":25310,"stat.useItem.minecraft.iron_pickaxe":503,"stat.craftItem.minecraft.wooden_pickaxe":1,"stat.pickup.minecraft.mutton":14,"stat.useItem.minecraft.iron_shovel":173,"stat.craftItem.minecraft.iron_block":1,"stat.mineBlock.minecraft.vine":2,"stat.killEntity.FireSkeleton":1,"stat.furnaceInteraction":98,"stat.mineBlock.minecraft.enchanting_table":1,"stat.useItem.minecraft.cooked_porkchop":2,"stat.killEntity.ZombieVillager":1,"stat.mineBlock.minecraft.coal_ore":140,"stat.craftItem.minecraft.stone_hoe":1,"stat.craftItem.tconstruct.soil":330,"stat.pickup.minecraft.string":24,"stat.pickup.improvableskills.skills_book":1,"stat.pickup.spartanshields.shield_tower_stone":1,"stat.pickup.minecraft.beef":38,"stat.useItem.minecraft.cooked_mutton":16,"stat.pickup.tombstone.crafting_ingredient":6,"stat.useItem.minecraft.milk_bucket":3,"stat.craftItem.minecraft.stone_slab2":0,"stat.killEntity.WebCaveSpider":1,"stat.killEntity.Squid":1,"stat.mineBlock.minecraft.stained_hardened_clay":2,"stat.sprintOneCm":272839,"stat.pickup.minecraft.skull":3,"stat.pickup.improvableskills.scroll_normal":1,"stat.craftItem.minecraft.stick":60,"stat.pickup.tombstone.magic_scroll":6,"stat.pickup.mowziesmobs.wrought_helmet":1,"stat.mineBlock.minecraft.crafting_table":4,"stat.killEntity.WitchCaveSpider":3,"stat.killEntity.PlagueZombie":1,"stat.pickup.dynamictrees.oakseed":10,"stat.pickup.minecraft.sugar":4,"stat.deaths":6,"stat.mineBlock.minecraft.planks":8,"stat.drop":4,"stat.killEntity.SpitfireSkeleton":1,"stat.playOneMinute":148917,"stat.killEntity.PoisonSkeleton":1,"stat.drop.minecraft.string":1,"stat.killEntity.Sheep":9,"stat.craftItem.minecraft.iron_pickaxe":3,"stat.pickup.minecraft.dispenser":1,"stat.pickup.minecraft.fire_charge":3,"stat.mineBlock.minecraft.gold_ore":2,"stat.mineBlock.minecraft.tallgrass":58,"stat.craftItem.minecraft.cooked_mutton":14,"stat.diveOneCm":22107,"stat.pickup.minecraft.cooked_mutton":2,"stat.chestOpened":116,"stat.pickup.minecraft.pumpkin":3,"stat.craftItem.ironbackpacks.backpack":1,"stat.useItem.minecraft.stone":20,"stat.mineBlock.minecraft.dispenser":2,"stat.pickup.minecraft.gravel":201,"stat.mineBlock.tconstruct.seared_furnace_controller":1,"stat.pickup.minecraft.arrow":15,"stat.killEntity.FlyingCaveSpider":2,"stat.craftItem.minecraft.cooked_porkchop":3,"stat.pickup.minecraft.stone_axe":1,"stat.useItem.minecraft.rotten_flesh":12,"stat.jump":1863,"stat.pickup.minecraft.coal":141,"stat.fallOneCm":46243,"stat.pickup.minecraft.iron_ingot":1,"stat.useItem.minecraft.stone_axe":57,"stat.pickup.minecraft.gunpowder":7,"stat.crouchOneCm":7158,"stat.mineBlock.minecraft.chest":1,"stat.pickup.minecraft.spider_eye":4,"stat.craftItem.minecraft.torch":152,"stat.craftItem.minecraft.chest":2,"stat.craftItem.minecraft.iron_ingot":52,"stat.pickup.minecraft.dirt":239,"stat.craftingTableInteraction":32,"stat.pickup.minecraft.iron_ore":140,"stat.pickup.minecraft.gold_ore":2,"stat.craftItem.tconstruct.pattern":10,"stat.damageTaken":5362,"stat.pickup.minecraft.leather":21,"stat.pickup.minecraft.feather":3,"stat.mineBlock.minecraft.torch":6,"stat.useItem.minecraft.wooden_pickaxe":21,"stat.dispenserInspected":3,"stat.craftItem.tconstruct.materials":85,"stat.pickup.minecraft.dye":3,"stat.pickup.minecraft.planks":8,"stat.pickup.minecraft.reeds":11,"stat.pickup.minecraft.bed":1,"stat.pickup.artifacts.thorn_pendant":1,"tombstone:undead_killed":42,"stat.pickup.minecraft.wheat_seeds":8,"stat.mineBlock.minecraft.gravel":179,"stat.useItem.minecraft.stone_pickaxe":217,"stat.craftItem.minecraft.iron_leggings":1,"stat.sleepInBed":6,"stat.killEntity.FishingZombie":3,"stat.killEntity.Cow":20,"stat.mineBlock.minecraft.dirt":174,"stat.useItem.minecraft.crafting_table":1,"stat.pickup.artifacts.obsidian_skull":1,"stat.pickup.minecraft.chainmail_boots":1,"stat.craftItem.minecraft.stone_shovel":3,"stat.walkOneCm":586334,"stat.useItem.minecraft.torch":173,"stat.pickup.minecraft.golden_apple":1,"stat.pickup.minecraft.stick":17,"stat.pickup.minecraft.crafting_table":3,"stat.pickup.minecraft.clay_ball":179,"stat.useItem.minecraft.cobblestone":130,"stat.craftItem.minecraft.crafting_table":2,"stat.mineBlock.minecraft.double_plant":1,"stat.useItem.minecraft.lava_bucket":11,"stat.useItem.dynamictrees.oakseed":2,"stat.pickup.minecraft.log":28,"stat.useItem.tombstone.gift":1,"stat.pickup.minecraft.stone":50,"stat.craftItem.minecraft.iron_chestplate":1,"stat.pickup.minecraft.tipped_arrow":2,"stat.pickup.tombstone.familiar_receptacle":1,"stat.pickup.minecraft.cooked_beef":12,"stat.mineBlock.minecraft.tripwire_hook":2,"stat.craftItem.minecraft.bucket":1,"stat.mineBlock.minecraft.stonebrick":1,"stat.craftItem.minecraft.planks":88,"stat.mobKills":103,"stat.pickup.minecraft.book":9,"stat.mineBlock.minecraft.bookshelf":3,"stat.killEntity.StraySkeleton":1,"stat.useItem.minecraft.golden_apple":1,"stat.pickup.minecraft.diamond":2,"stat.pickup.minecraft.torch":30,"stat.killEntity.FireZombie":1,"stat.sneakTime":2997,"stat.pickup.minecraft.wool":9,"stat.drop.minecraft.stone_axe":1,"stat.pickup.minecraft.stone_slab":46,"stat.mineBlock.minecraft.stone":372,"stat.pickup.minecraft.chest":1}