{"stat.drop.minecraft.stone_pickaxe":2,"stat.pickup.minecraft.tripwire_hook":1,"stat.pickup.minecraft.bone":2,"stat.killEntity.HungryZombie":1,"stat.useItem.minecraft.iron_axe":58,"stat.leaveGame":1,"stat.mineBlock.minecraft.pumpkin":3,"stat.mineBlock.minecraft.cobblestone":9,"stat.pickup.minecraft.stone_pickaxe":1,"stat.pickup.minecraft.flint":12,"stat.craftItem.minecraft.iron_axe":1,"stat.mineBlock.minecraft.concrete":2,"stat.swimOneCm":13217,"stat.climbOneCm":1318,"stat.pickup.minecraft.enchanted_book":2,"stat.useItem.minecraft.dirt":160,"stat.useItem.minecraft.stone_slab2":20,"stat.pickup.minecraft.sand":165,"stat.pickup.minecraft.stone_hoe":1,"stat.craftItem.minecraft.furnace":2,"stat.killEntity.artifacts.mimic":1,"stat.craftItem.minecraft.stone_axe":2,"stat.craftItem.minecraft.iron_boots":1,"stat.useItem.minecraft.iron_ore":9,"stat.killEntity.SniperSkeleton":1,"stat.craftItem.minecraft.stone_pickaxe":2,"stat.craftItem.minecraft.cooked_beef":25,"stat.pickup.minecraft.cobblestone":221,"stat.mineBlock.minecraft.clay":31,"stat.useItem.minecraft.stone_shovel":359,"stat.flyOneCm":185609,"stat.craftItem.minecraft.iron_shovel":1,"stat.mineBlock.minecraft.sand":168,"stat.useItem.minecraft.cooked_beef":23,"stat.mineBlock.minecraft.iron_ore":108,"stat.timeSinceDeath":17155,"stat.useItem.minecraft.iron_pickaxe":243,"stat.craftItem.minecraft.wooden_pickaxe":1,"stat.pickup.minecraft.mutton":14,"stat.useItem.minecraft.iron_shovel":63,"stat.craftItem.minecraft.iron_block":1,"stat.furnaceInteraction":82,"stat.mineBlock.minecraft.coal_ore":82,"stat.craftItem.minecraft.stone_hoe":1,"stat.craftItem.tconstruct.soil":260,"stat.pickup.minecraft.string":1,"stat.pickup.improvableskills.skills_book":1,"stat.pickup.spartanshields.shield_tower_stone":1,"stat.pickup.minecraft.beef":14,"stat.useItem.minecraft.cooked_mutton":7,"stat.craftItem.minecraft.stone_slab2":0,"stat.killEntity.Squid":1,"stat.mineBlock.minecraft.stained_hardened_clay":2,"stat.sprintOneCm":179018,"stat.pickup.minecraft.skull":3,"stat.pickup.improvableskills.scroll_normal":1,"stat.craftItem.minecraft.stick":44,"stat.pickup.mowziesmobs.wrought_helmet":1,"stat.mineBlock.minecraft.crafting_table":4,"stat.pickup.dynamictrees.oakseed":10,"stat.deaths":3,"stat.mineBlock.minecraft.planks":8,"stat.drop":3,"stat.playOneMinute":100317,"stat.drop.minecraft.string":1,"stat.killEntity.Sheep":8,"stat.craftItem.minecraft.iron_pickaxe":2,"stat.pickup.minecraft.dispenser":1,"stat.mineBlock.minecraft.tallgrass":16,"stat.craftItem.minecraft.cooked_mutton":14,"stat.diveOneCm":21202,"stat.chestOpened":73,"stat.pickup.minecraft.pumpkin":3,"stat.useItem.minecraft.stone":20,"stat.mineBlock.minecraft.dispenser":2,"stat.pickup.minecraft.gravel":173,"stat.mineBlock.tconstruct.seared_furnace_controller":1,"stat.pickup.minecraft.arrow":4,"stat.craftItem.minecraft.cooked_porkchop":3,"stat.jump":1237,"stat.pickup.minecraft.coal":82,"stat.fallOneCm":31406,"stat.useItem.minecraft.stone_axe":46,"stat.crouchOneCm":6511,"stat.mineBlock.minecraft.chest":1,"stat.craftItem.minecraft.torch":128,"stat.craftItem.minecraft.chest":2,"stat.craftItem.minecraft.iron_ingot":43,"stat.pickup.minecraft.dirt":178,"stat.craftingTableInteraction":26,"stat.pickup.minecraft.iron_ore":106,"stat.damageTaken":3228,"stat.pickup.minecraft.leather":7,"stat.mineBlock.minecraft.torch":4,"stat.useItem.minecraft.wooden_pickaxe":21,"stat.dispenserInspected":3,"stat.craftItem.tconstruct.materials":28,"stat.pickup.minecraft.dye":3,"stat.pickup.minecraft.planks":8,"stat.pickup.minecraft.reeds":11,"stat.pickup.minecraft.bed":1,"stat.pickup.artifacts.thorn_pendant":1,"tombstone:undead_killed":4,"stat.pickup.minecraft.wheat_seeds":6,"stat.mineBlock.minecraft.gravel":139,"stat.useItem.minecraft.stone_pickaxe":217,"stat.craftItem.minecraft.iron_leggings":1,"stat.sleepInBed":4,"stat.killEntity.Cow":5,"stat.mineBlock.minecraft.dirt":112,"stat.useItem.minecraft.crafting_table":1,"stat.pickup.artifacts.obsidian_skull":1,"stat.craftItem.minecraft.stone_shovel":3,"stat.walkOneCm":372903,"stat.useItem.minecraft.torch":94,"stat.pickup.minecraft.stick":16,"stat.pickup.minecraft.crafting_table":3,"stat.pickup.minecraft.clay_ball":179,"stat.useItem.minecraft.cobblestone":17,"stat.craftItem.minecraft.crafting_table":2,"stat.useItem.dynamictrees.oakseed":2,"stat.pickup.minecraft.log":28,"stat.useItem.tombstone.gift":1,"stat.pickup.minecraft.stone":29,"stat.craftItem.minecraft.iron_chestplate":1,"stat.pickup.tombstone.familiar_receptacle":1,"stat.mineBlock.minecraft.tripwire_hook":2,"stat.craftItem.minecraft.bucket":1,"stat.mineBlock.minecraft.stonebrick":1,"stat.craftItem.minecraft.planks":88,"stat.mobKills":23,"stat.pickup.minecraft.diamond":2,"stat.pickup.minecraft.torch":7,"stat.sneakTime":2794,"stat.pickup.minecraft.wool":8,"stat.mineBlock.minecraft.stone":247,"stat.pickup.minecraft.chest":1}