{"stat.drop.minecraft.stone_pickaxe":2,"stat.chestOpened":12,"stat.pickup.minecraft.pumpkin":3,"stat.pickup.minecraft.tripwire_hook":1,"stat.killEntity.HungryZombie":1,"stat.mineBlock.minecraft.dispenser":2,"stat.pickup.minecraft.gravel":62,"stat.mineBlock.minecraft.pumpkin":3,"stat.mineBlock.minecraft.cobblestone":3,"stat.pickup.minecraft.stone_pickaxe":1,"stat.pickup.minecraft.flint":6,"stat.mineBlock.minecraft.concrete":2,"stat.jump":686,"stat.swimOneCm":8037,"stat.pickup.minecraft.coal":50,"stat.fallOneCm":18341,"stat.climbOneCm":1318,"stat.useItem.minecraft.stone_axe":45,"stat.crouchOneCm":2043,"stat.mineBlock.minecraft.chest":1,"stat.craftItem.minecraft.torch":48,"stat.craftItem.minecraft.chest":2,"stat.pickup.minecraft.dirt":147,"stat.useItem.minecraft.dirt":123,"stat.useItem.minecraft.stone_slab2":11,"stat.craftingTableInteraction":17,"stat.pickup.minecraft.iron_ore":1,"stat.pickup.minecraft.sand":104,"stat.pickup.minecraft.stone_hoe":1,"stat.craftItem.minecraft.furnace":1,"stat.craftItem.minecraft.stone_axe":2,"stat.damageTaken":1187,"stat.pickup.minecraft.leather":7,"stat.craftItem.minecraft.stone_pickaxe":2,"stat.mineBlock.minecraft.torch":2,"stat.useItem.minecraft.wooden_pickaxe":21,"stat.craftItem.minecraft.cooked_beef":14,"stat.dispenserInspected":3,"stat.pickup.minecraft.cobblestone":60,"stat.mineBlock.minecraft.clay":31,"stat.pickup.minecraft.reeds":11,"stat.useItem.minecraft.stone_shovel":262,"stat.flyOneCm":116456,"stat.pickup.minecraft.bed":1,"tombstone:undead_killed":1,"stat.pickup.minecraft.wheat_seeds":6,"stat.mineBlock.minecraft.sand":105,"stat.mineBlock.minecraft.gravel":66,"stat.useItem.minecraft.stone_pickaxe":128,"stat.useItem.minecraft.cooked_beef":5,"stat.mineBlock.minecraft.iron_ore":1,"stat.sleepInBed":2,"stat.timeSinceDeath":23303,"stat.killEntity.Cow":5,"stat.mineBlock.minecraft.dirt":81,"stat.craftItem.minecraft.wooden_pickaxe":1,"stat.pickup.minecraft.mutton":14,"stat.craftItem.minecraft.stone_shovel":3,"stat.walkOneCm":119891,"stat.useItem.minecraft.torch":24,"stat.pickup.minecraft.stick":11,"stat.pickup.minecraft.crafting_table":2,"stat.pickup.minecraft.clay_ball":179,"stat.useItem.minecraft.cobblestone":1,"stat.furnaceInteraction":20,"stat.craftItem.minecraft.crafting_table":2,"stat.mineBlock.minecraft.coal_ore":50,"stat.useItem.dynamictrees.oakseed":1,"stat.craftItem.minecraft.stone_hoe":1,"stat.craftItem.tconstruct.soil":104,"stat.pickup.minecraft.log":20,"stat.pickup.minecraft.string":1,"stat.pickup.spartanshields.shield_tower_stone":1,"stat.pickup.minecraft.beef":14,"stat.useItem.minecraft.cooked_mutton":7,"stat.useItem.tombstone.gift":1,"stat.craftItem.minecraft.stone_slab2":0,"stat.killEntity.Squid":1,"stat.mineBlock.minecraft.stained_hardened_clay":2,"stat.sprintOneCm":82962,"stat.pickup.minecraft.skull":3,"stat.craftItem.minecraft.stick":28,"stat.mineBlock.minecraft.tripwire_hook":2,"stat.mineBlock.minecraft.stonebrick":1,"stat.craftItem.minecraft.planks":48,"stat.mineBlock.minecraft.crafting_table":3,"stat.mobKills":17,"stat.pickup.dynamictrees.oakseed":8,"stat.deaths":1,"stat.drop":3,"stat.pickup.minecraft.diamond":2,"stat.playOneMinute":41911,"stat.pickup.minecraft.torch":3,"stat.drop.minecraft.string":1,"stat.killEntity.Sheep":8,"stat.sneakTime":1001,"stat.pickup.minecraft.wool":8,"stat.pickup.minecraft.dispenser":1,"stat.mineBlock.minecraft.stone":61,"stat.mineBlock.minecraft.tallgrass":12,"stat.craftItem.minecraft.cooked_mutton":7,"stat.diveOneCm":12518,"stat.pickup.minecraft.chest":1}