{"stat.drop.minecraft.stone_pickaxe":2,"stat.chestOpened":31,"stat.pickup.minecraft.pumpkin":3,"stat.pickup.minecraft.tripwire_hook":1,"stat.killEntity.HungryZombie":1,"stat.mineBlock.minecraft.dispenser":2,"stat.useItem.minecraft.iron_axe":1,"stat.pickup.minecraft.gravel":115,"stat.mineBlock.minecraft.pumpkin":3,"stat.mineBlock.minecraft.cobblestone":3,"stat.pickup.minecraft.stone_pickaxe":1,"stat.pickup.minecraft.flint":11,"stat.craftItem.minecraft.iron_axe":1,"stat.mineBlock.minecraft.concrete":2,"stat.jump":781,"stat.swimOneCm":8244,"stat.pickup.minecraft.coal":50,"stat.fallOneCm":20817,"stat.climbOneCm":1318,"stat.useItem.minecraft.stone_axe":46,"stat.crouchOneCm":4688,"stat.mineBlock.minecraft.chest":1,"stat.craftItem.minecraft.torch":48,"stat.craftItem.minecraft.chest":2,"stat.craftItem.minecraft.iron_ingot":13,"stat.pickup.minecraft.dirt":178,"stat.useItem.minecraft.dirt":159,"stat.useItem.minecraft.stone_slab2":14,"stat.craftingTableInteraction":20,"stat.pickup.minecraft.iron_ore":48,"stat.pickup.minecraft.sand":104,"stat.pickup.minecraft.stone_hoe":1,"stat.craftItem.minecraft.furnace":2,"stat.craftItem.minecraft.stone_axe":2,"stat.damageTaken":1197,"stat.pickup.minecraft.leather":7,"stat.craftItem.minecraft.stone_pickaxe":2,"stat.mineBlock.minecraft.torch":4,"stat.useItem.minecraft.wooden_pickaxe":21,"stat.craftItem.minecraft.cooked_beef":19,"stat.dispenserInspected":3,"stat.craftItem.tconstruct.materials":24,"stat.pickup.minecraft.cobblestone":85,"stat.pickup.minecraft.dye":3,"stat.mineBlock.minecraft.clay":31,"stat.pickup.minecraft.reeds":11,"stat.useItem.minecraft.stone_shovel":344,"stat.flyOneCm":129254,"stat.pickup.minecraft.bed":1,"tombstone:undead_killed":1,"stat.pickup.minecraft.wheat_seeds":6,"stat.mineBlock.minecraft.sand":105,"stat.mineBlock.minecraft.gravel":124,"stat.useItem.minecraft.stone_pickaxe":207,"stat.useItem.minecraft.cooked_beef":6,"stat.craftItem.minecraft.iron_leggings":1,"stat.mineBlock.minecraft.iron_ore":48,"stat.sleepInBed":3,"stat.timeSinceDeath":35903,"stat.killEntity.Cow":5,"stat.mineBlock.minecraft.dirt":112,"stat.useItem.minecraft.crafting_table":1,"stat.craftItem.minecraft.wooden_pickaxe":1,"stat.pickup.minecraft.mutton":14,"stat.craftItem.minecraft.stone_shovel":3,"stat.walkOneCm":144327,"stat.useItem.minecraft.torch":39,"stat.pickup.minecraft.stick":11,"stat.pickup.minecraft.crafting_table":3,"stat.pickup.minecraft.clay_ball":179,"stat.useItem.minecraft.cobblestone":1,"stat.furnaceInteraction":44,"stat.craftItem.minecraft.crafting_table":2,"stat.mineBlock.minecraft.coal_ore":50,"stat.useItem.dynamictrees.oakseed":1,"stat.craftItem.minecraft.stone_hoe":1,"stat.craftItem.tconstruct.soil":136,"stat.pickup.minecraft.log":20,"stat.pickup.minecraft.string":1,"stat.pickup.improvableskills.skills_book":1,"stat.pickup.spartanshields.shield_tower_stone":1,"stat.pickup.minecraft.beef":14,"stat.useItem.minecraft.cooked_mutton":7,"stat.useItem.tombstone.gift":1,"stat.craftItem.minecraft.stone_slab2":0,"stat.pickup.minecraft.stone":5,"stat.killEntity.Squid":1,"stat.mineBlock.minecraft.stained_hardened_clay":2,"stat.sprintOneCm":92130,"stat.pickup.minecraft.skull":3,"stat.pickup.improvableskills.scroll_normal":1,"stat.craftItem.minecraft.stick":28,"stat.mineBlock.minecraft.tripwire_hook":2,"stat.mineBlock.minecraft.stonebrick":1,"stat.craftItem.minecraft.planks":48,"stat.mineBlock.minecraft.crafting_table":4,"stat.mobKills":18,"stat.pickup.dynamictrees.oakseed":8,"stat.deaths":1,"stat.drop":3,"stat.pickup.minecraft.diamond":2,"stat.playOneMinute":54511,"stat.pickup.minecraft.torch":7,"stat.drop.minecraft.string":1,"stat.killEntity.Sheep":8,"stat.sneakTime":2227,"stat.craftItem.minecraft.iron_pickaxe":1,"stat.pickup.minecraft.wool":8,"stat.pickup.minecraft.dispenser":1,"stat.mineBlock.minecraft.stone":92,"stat.mineBlock.minecraft.tallgrass":14,"stat.craftItem.minecraft.cooked_mutton":7,"stat.diveOneCm":13411,"stat.pickup.minecraft.chest":1}