{"stat.drop.minecraft.stone_pickaxe":2,"stat.useItem.minecraft.bow":51,"stat.pickup.minecraft.tripwire_hook":1,"stat.pickup.minecraft.bone":62,"stat.killEntity.HungryZombie":5,"stat.useItem.minecraft.iron_axe":352,"stat.leaveGame":1,"stat.killEntity.HuskZombie":3,"stat.mineBlock.minecraft.pumpkin":3,"stat.mineBlock.minecraft.cobblestone":104,"stat.pickup.minecraft.stone_pickaxe":1,"stat.pickup.minecraft.flint":21,"stat.craftItem.tombstone.grave_key":3,"stat.craftItem.minecraft.iron_axe":4,"stat.pickup.minecraft.leather_chestplate":1,"stat.pickup.tombstone.familiar_stone":5,"stat.mineBlock.minecraft.concrete":2,"stat.swimOneCm":38593,"stat.climbOneCm":1813,"stat.pickup.minecraft.enchanted_book":3,"stat.mineBlock.minecraft.web":51,"stat.pickup.minecraft.golden_boots":2,"stat.pickup.iceandfire.stymphalian_bird_feather":4,"stat.useItem.minecraft.dirt":223,"stat.killEntity.BabyCaveSpider":14,"stat.useItem.minecraft.stone_slab2":53,"stat.pickup.minecraft.bow":1,"stat.pickup.minecraft.iron_boots":2,"stat.useItem.minecraft.water_bucket":2,"stat.mineBlock.minecraft.stone_brick_stairs":8,"stat.pickup.minecraft.rotten_flesh":82,"stat.pickup.minecraft.diamond_horse_armor":1,"stat.pickup.minecraft.sand":165,"stat.pickup.minecraft.stone_hoe":1,"stat.craftItem.minecraft.furnace":4,"stat.killEntity.BruteZombie":3,"stat.killEntity.artifacts.mimic":1,"stat.pickup.minecraft.enchanting_table":1,"stat.craftItem.minecraft.stone_axe":2,"stat.craftItem.minecraft.iron_boots":1,"stat.useItem.minecraft.iron_ore":9,"stat.pickup.iceandfire.witherbone":3,"stat.killEntity.SniperSkeleton":1,"stat.craftItem.minecraft.stone_pickaxe":2,"stat.craftItem.minecraft.cooked_beef":70,"stat.pickup.minecraft.cobblestone":1802,"stat.pickup.minecraft.leather_boots":2,"stat.mineBlock.minecraft.clay":31,"stat.useItem.minecraft.stone_shovel":359,"stat.flyOneCm":508406,"stat.craftItem.minecraft.iron_shovel":1,"stat.pickup.minecraft.glass_bottle":3,"stat.pickup.minecraft.chainmail_chestplate":1,"stat.mineBlock.minecraft.sand":168,"stat.pickup.minecraft.fish":3,"stat.useItem.minecraft.cooked_beef":74,"stat.craftItem.minecraft.cooked_fish":3,"stat.pickup.minecraft.redstone":210,"stat.mineBlock.minecraft.iron_ore":210,"stat.timeSinceDeath":65524,"stat.useItem.minecraft.iron_pickaxe":847,"stat.craftItem.minecraft.wooden_pickaxe":1,"stat.pickup.minecraft.mutton":14,"stat.useItem.minecraft.iron_shovel":240,"stat.pickup.minecraft.mossy_cobblestone":66,"stat.craftItem.minecraft.iron_block":1,"stat.trappedChestTriggered":1,"stat.useItem.minecraft.potato":147,"stat.mineBlock.minecraft.vine":7,"stat.killEntity.FireSkeleton":1,"stat.pickup.minecraft.stonebrick":23,"stat.furnaceInteraction":138,"stat.mineBlock.minecraft.enchanting_table":1,"stat.useItem.minecraft.cooked_porkchop":2,"stat.killEntity.ZombieVillager":1,"stat.mineBlock.minecraft.coal_ore":193,"stat.craftItem.minecraft.stone_hoe":1,"stat.craftItem.tconstruct.soil":330,"stat.pickup.minecraft.string":111,"stat.pickup.improvableskills.skills_book":1,"stat.pickup.spartanshields.shield_tower_stone":1,"stat.killEntity.BruteSkeleton":1,"stat.pickup.minecraft.beef":58,"stat.useItem.minecraft.cooked_mutton":16,"stat.pickup.tombstone.crafting_ingredient":17,"stat.useItem.minecraft.milk_bucket":5,"stat.craftItem.minecraft.stone_slab2":3,"stat.killEntity.WebCaveSpider":2,"stat.killEntity.Squid":1,"stat.killEntity.DoomCreeper":1,"stat.mineBlock.minecraft.stained_hardened_clay":2,"stat.sprintOneCm":473631,"stat.pickup.mowziesmobs.wrought_axe":1,"stat.pickup.minecraft.skull":3,"stat.pickup.improvableskills.scroll_normal":1,"stat.craftItem.minecraft.stick":88,"stat.pickup.tombstone.magic_scroll":7,"stat.pickup.mowziesmobs.wrought_helmet":1,"stat.useItem.tombstone.magic_scroll":1,"stat.pickup.minecraft.stone_stairs":3,"stat.mineBlock.minecraft.diamond_ore":8,"stat.mineBlock.minecraft.crafting_table":7,"stat.killEntity.WitchCaveSpider":5,"stat.killEntity.PlagueZombie":3,"stat.useItem.minecraft.carrot":1,"stat.pickup.dynamictrees.oakseed":12,"stat.pickup.minecraft.leather_leggings":1,"stat.useItem.minecraft.dye":167,"stat.useItem.minecraft.beef":5,"stat.pickup.minecraft.sugar":6,"stat.mineBlock.minecraft.oak_stairs":2,"stat.pickup.minecraft.spawn_egg":2,"stat.deaths":14,"stat.mineBlock.minecraft.planks":8,"stat.drop":11,"stat.killEntity.SpitfireSkeleton":2,"stat.playOneMinute":308217,"stat.killEntity.PoisonSkeleton":2,"stat.drop.minecraft.string":1,"stat.killEntity.Sheep":9,"stat.craftItem.minecraft.iron_pickaxe":4,"stat.killEntity.MotherCaveSpider":3,"stat.killEntity.LightningCreeper":1,"stat.pickup.tconstruct.tough_tool_rod":1,"stat.pickup.minecraft.golden_chestplate":1,"stat.craftItem.minecraft.dye":171,"stat.pickup.minecraft.dispenser":1,"stat.useItem.tconstruct.hammer":2006,"stat.pickup.minecraft.fire_charge":5,"stat.mineBlock.minecraft.gold_ore":29,"stat.mineBlock.minecraft.tallgrass":79,"stat.craftItem.minecraft.cooked_mutton":14,"stat.diveOneCm":35446,"stat.pickup.minecraft.cooked_mutton":2,"stat.chestOpened":231,"stat.pickup.minecraft.pumpkin":3,"stat.mineBlock.minecraft.mossy_cobblestone":74,"stat.craftItem.ironbackpacks.backpack":1,"stat.useItem.minecraft.fish":6,"stat.useItem.minecraft.stone":26,"stat.pickup.tconstruct.casting":2,"stat.mineBlock.minecraft.dispenser":2,"stat.pickup.minecraft.gravel":227,"stat.mineBlock.tconstruct.seared_furnace_controller":1,"stat.pickup.minecraft.arrow":63,"stat.killEntity.FlyingCaveSpider":4,"stat.pickup.minecraft.waterlily":2,"stat.craftItem.minecraft.cooked_porkchop":3,"stat.drop.minecraft.cooked_beef":2,"stat.pickup.minecraft.stone_axe":1,"stat.pickup.tconstruct.hammer_head":1,"stat.useItem.minecraft.apple":16,"stat.useItem.minecraft.rotten_flesh":35,"stat.pickup.minecraft.stone_brick_stairs":8,"stat.craftItem.minecraft.iron_hoe":1,"stat.jump":3207,"stat.pickup.minecraft.coal":195,"stat.fallOneCm":82675,"stat.pickup.minecraft.iron_ingot":5,"stat.killEntity.NinjaSkeleton":1,"stat.pickup.minecraft.carrot":1,"stat.useItem.minecraft.stone_axe":57,"stat.pickup.minecraft.gunpowder":17,"stat.crouchOneCm":12700,"stat.mineBlock.minecraft.chest":1,"stat.pickup.minecraft.spider_eye":11,"stat.craftItem.minecraft.torch":272,"stat.craftItem.minecraft.chest":3,"stat.craftItem.minecraft.iron_ingot":79,"stat.entityKilledBy.HungryZombie":1,"stat.pickup.minecraft.dirt":279,"stat.killEntity.BruteWitherSkeleton":1,"stat.craftingTableInteraction":43,"stat.pickup.minecraft.iron_ore":205,"stat.pickup.iceandfire.silver_ore":8,"stat.pickup.minecraft.gold_ore":29,"stat.mineBlock.minecraft.lapis_ore":10,"stat.craftItem.tconstruct.pattern":13,"stat.mineBlock.minecraft.stone_stairs":4,"stat.damageTaken":14131,"stat.pickup.minecraft.leather":31,"stat.pickup.minecraft.feather":6,"stat.useItem.minecraft.stone_brick_stairs":3,"stat.mineBlock.minecraft.torch":15,"stat.useItem.minecraft.wooden_pickaxe":21,"stat.dispenserInspected":3,"stat.craftItem.tconstruct.materials":91,"stat.pickup.minecraft.dye":62,"stat.pickup.minecraft.planks":8,"stat.pickup.minecraft.reeds":11,"stat.pickup.minecraft.iron_leggings":1,"stat.pickup.minecraft.bed":1,"stat.pickup.artifacts.thorn_pendant":1,"tombstone:undead_killed":128,"stat.killEntity.KnightSkeleton":3,"stat.pickup.minecraft.wheat_seeds":10,"stat.pickup.minecraft.potato":197,"stat.pickup.minecraft.oak_stairs":2,"stat.mineBlock.minecraft.gravel":214,"stat.useItem.minecraft.stone_pickaxe":217,"stat.craftItem.minecraft.iron_leggings":2,"stat.useItem.minecraft.stone_sword":62,"stat.pickup.darkutils.material":3,"stat.damageDealt":63,"stat.sleepInBed":8,"stat.killEntity.DesertSpider":1,"stat.killEntity.FishingZombie":3,"stat.useItem.mowziesmobs.wrought_axe":39,"stat.killEntity.Cow":31,"stat.mineBlock.minecraft.dirt":214,"stat.useItem.minecraft.crafting_table":1,"stat.pickup.artifacts.obsidian_skull":1,"stat.pickup.minecraft.chainmail_boots":1,"stat.killEntity.GravelCreeper":1,"stat.craftItem.minecraft.stone_shovel":3,"stat.walkOneCm":1185900,"stat.pickup.tconstruct.pattern":1,"stat.useItem.minecraft.torch":299,"stat.useItem.minecraft.bread":4,"stat.pickup.minecraft.golden_apple":1,"stat.pickup.minecraft.stick":20,"stat.drop.tombstone.crafting_ingredient":1,"stat.pickup.minecraft.iron_nugget":5,"stat.mineBlock.iceandfire.silver_ore":8,"stat.drop.minecraft.rotten_flesh":4,"stat.pickup.minecraft.crafting_table":6,"stat.pickup.minecraft.clay_ball":179,"stat.useItem.minecraft.cobblestone":209,"stat.craftItem.minecraft.crafting_table":3,"stat.mineBlock.minecraft.double_plant":1,"stat.useItem.minecraft.lava_bucket":17,"stat.useItem.dynamictrees.oakseed":2,"stat.pickup.minecraft.log":35,"stat.useItem.minecraft.cooked_fish":3,"stat.useItem.tombstone.gift":3,"stat.pickup.minecraft.stone":221,"stat.pickup.minecraft.web":1,"stat.craftItem.minecraft.iron_chestplate":2,"stat.killEntity.GiantZombie":3,"stat.pickup.minecraft.tipped_arrow":2,"stat.pickup.minecraft.ender_pearl":1,"stat.pickup.tombstone.familiar_receptacle":1,"stat.pickup.minecraft.cooked_beef":17,"stat.pickup.minecraft.apple":14,"stat.mineBlock.minecraft.tripwire_hook":2,"stat.craftItem.minecraft.bucket":1,"stat.mineBlock.minecraft.stonebrick":27,"stat.craftItem.minecraft.planks":116,"stat.useItem.minecraft.iron_sword":67,"stat.pickup.minecraft.stone_sword":1,"stat.killEntity.stymphalianbird":1,"stat.mobKills":274,"stat.pickup.minecraft.book":9,"stat.useItem.minecraft.stonebrick":11,"stat.mineBlock.minecraft.bookshelf":3,"stat.killEntity.StraySkeleton":1,"stat.useItem.minecraft.golden_apple":2,"stat.useItem.minecraft.mossy_cobblestone":2,"stat.pickup.minecraft.diamond":17,"stat.pickup.minecraft.torch":41,"stat.killEntity.FireZombie":1,"stat.mineBlock.minecraft.redstone_ore":51,"stat.sneakTime":5085,"stat.mineBlock.tconstruct.casting":2,"stat.pickup.minecraft.wool":9,"stat.pickup.minecraft.rabbit":1,"stat.drop.minecraft.stone_axe":1,"stat.pickup.minecraft.stone_slab":46,"stat.mineBlock.minecraft.stone":2295,"stat.pickup.minecraft.chest":1}