{"stat.drop.minecraft.stone_pickaxe":2,"stat.pickup.minecraft.pumpkin":3,"stat.walkOneCm":47228,"stat.useItem.minecraft.torch":7,"stat.pickup.minecraft.stick":11,"stat.pickup.minecraft.crafting_table":1,"stat.mineBlock.minecraft.pumpkin":3,"stat.pickup.minecraft.stone_pickaxe":1,"stat.craftItem.minecraft.crafting_table":2,"stat.furnaceInteraction":10,"stat.mineBlock.minecraft.coal_ore":50,"stat.useItem.dynamictrees.oakseed":1,"stat.pickup.minecraft.log":20,"stat.pickup.spartanshields.shield_tower_stone":1,"stat.jump":290,"stat.swimOneCm":508,"stat.pickup.minecraft.coal":50,"stat.fallOneCm":8120,"stat.climbOneCm":42,"stat.pickup.minecraft.beef":8,"stat.useItem.minecraft.cooked_mutton":3,"stat.useItem.minecraft.stone_axe":28,"stat.craftItem.minecraft.stone_slab2":0,"stat.crouchOneCm":766,"stat.craftItem.minecraft.torch":48,"stat.pickup.minecraft.dirt":16,"stat.useItem.minecraft.dirt":1,"stat.sprintOneCm":42709,"stat.useItem.minecraft.stone_slab2":4,"stat.pickup.minecraft.skull":3,"stat.craftItem.minecraft.stick":28,"stat.craftingTableInteraction":9,"stat.craftItem.minecraft.furnace":1,"stat.craftItem.minecraft.planks":40,"stat.craftItem.minecraft.stone_axe":2,"stat.damageTaken":194,"stat.mineBlock.minecraft.crafting_table":2,"stat.pickup.minecraft.leather":3,"stat.craftItem.minecraft.stone_pickaxe":2,"stat.useItem.minecraft.wooden_pickaxe":21,"stat.pickup.minecraft.cobblestone":41,"stat.mobKills":12,"stat.pickup.dynamictrees.oakseed":8,"stat.pickup.minecraft.reeds":4,"stat.flyOneCm":54193,"stat.drop":2,"stat.pickup.minecraft.wheat_seeds":1,"stat.playOneMinute":17611,"stat.useItem.minecraft.stone_pickaxe":96,"stat.killEntity.Sheep":8,"stat.sneakTime":215,"stat.pickup.minecraft.wool":8,"stat.timeSinceDeath":17611,"stat.killEntity.Cow":3,"stat.mineBlock.minecraft.dirt":16,"stat.craftItem.minecraft.wooden_pickaxe":1,"stat.mineBlock.minecraft.stone":46,"stat.mineBlock.minecraft.tallgrass":6,"stat.craftItem.minecraft.cooked_mutton":7,"stat.pickup.minecraft.mutton":14}