{"stat.flyOneCm":22383,"stat.walkOneCm":12049,"stat.jump":133,"stat.swimOneCm":66,"stat.playOneMinute":23933,"stat.fallOneCm":3729,"stat.sneakTime":42,"stat.damageTaken":191,"stat.mineBlock.byg.prairie_grass":1,"stat.crouchOneCm":404,"stat.mineBlock.byg.prairie_grass8":2,"stat.timeSinceDeath":23933,"stat.mineBlock.byg.prairie_grass7":1,"stat.dispenserInspected":2,"stat.pickup.byg.firlog":2,"stat.sprintOneCm":14986,"stat.mineBlock.byg.prairie_grass3":1,"stat.mineBlock.byg.firlog":2,"stat.mineBlock.byg.prairie_grass6":1,"stat.mineBlock.minecraft.tallgrass":1,"stat.useItem.minecraft.fireworks":11}