{"stat.pickup.minecraft.bone":8,"stat.killEntity.HungryZombie":1,"stat.leaveGame":2,"stat.mineBlock.minecraft.cobblestone":1,"stat.mineBlock.byg.prairie_grass":1,"stat.pickup.minecraft.stone_pickaxe":1,"stat.swimOneCm":7356,"stat.pickup.minecraft.enchanted_book":1,"stat.useItem.minecraft.stone_slab2":24,"stat.killEntity.PoisonSilverfish":1,"stat.pickup.minecraft.rotten_flesh":23,"stat.craftItem.minecraft.furnace":3,"stat.craftItem.minecraft.stone_axe":2,"stat.killEntity.BlindingSilverfish":1,"stat.craftItem.minecraft.stone_pickaxe":2,"stat.craftItem.minecraft.cooked_beef":11,"stat.pickup.minecraft.cobblestone":383,"stat.flyOneCm":136339,"stat.mineBlock.byg.scoria":288,"stat.useItem.minecraft.cooked_beef":12,"stat.pickup.minecraft.redstone":23,"stat.mineBlock.minecraft.iron_ore":38,"stat.timeSinceDeath":5128,"stat.useItem.minecraft.iron_pickaxe":506,"stat.craftItem.minecraft.wooden_pickaxe":1,"stat.pickup.minecraft.wooden_axe":1,"stat.furnaceInteraction":24,"stat.killEntity.ZombieVillager":2,"stat.mineBlock.minecraft.coal_ore":50,"stat.pickup.minecraft.string":2,"stat.killEntity.BruteSkeleton":1,"stat.pickup.minecraft.beef":18,"stat.pickup.minecraft.furnace":2,"stat.pickup.tombstone.crafting_ingredient":3,"stat.craftItem.minecraft.stone_slab2":0,"stat.sprintOneCm":133241,"stat.craftItem.minecraft.stick":48,"stat.craftItem.minecraft.wooden_axe":1,"stat.mineBlock.minecraft.diamond_ore":4,"stat.mineBlock.minecraft.crafting_table":6,"stat.pickup.byg.firlog":2,"stat.deaths":5,"stat.killEntity.SpitfireSkeleton":1,"stat.playOneMinute":83289,"stat.craftItem.minecraft.iron_pickaxe":3,"stat.mineBlock.byg.firlog":2,"stat.mineBlock.minecraft.gold_ore":7,"stat.pickup.minecraft.fire_charge":1,"stat.mineBlock.minecraft.tallgrass":44,"stat.diveOneCm":1526,"stat.chestOpened":8,"stat.useItem.minecraft.stone":4,"stat.pickup.minecraft.gravel":1,"stat.pickup.minecraft.arrow":2,"stat.useItem.minecraft.rotten_flesh":2,"stat.pickup.byg.soapstone":26,"stat.jump":958,"stat.pickup.minecraft.coal":73,"stat.fallOneCm":19610,"stat.pickup.minecraft.iron_ingot":1,"stat.useItem.minecraft.stone_axe":167,"stat.crouchOneCm":1608,"stat.pickup.minecraft.spider_eye":1,"stat.craftItem.minecraft.torch":120,"stat.craftItem.minecraft.chest":2,"stat.craftItem.minecraft.iron_ingot":9,"stat.pickup.byg.scoria":286,"stat.pickup.minecraft.dirt":6,"stat.craftingTableInteraction":16,"stat.pickup.minecraft.iron_ore":38,"stat.killEntity.FishingSilverfish":1,"stat.pickup.iceandfire.silver_ore":4,"stat.pickup.minecraft.gold_ore":7,"stat.mineBlock.minecraft.lapis_ore":8,"stat.useItem.byg.scoria":26,"stat.pickup.minecraft.wooden_pickaxe":1,"stat.damageTaken":2363,"stat.pickup.minecraft.leather":10,"stat.pickup.minecraft.feather":1,"stat.mineBlock.minecraft.red_flower":1,"stat.mineBlock.minecraft.torch":7,"stat.mineBlock.minecraft.furnace":2,"stat.dispenserInspected":2,"stat.useItem.minecraft.wooden_pickaxe":8,"stat.pickup.minecraft.dye":50,"tombstone:undead_killed":23,"stat.pickup.minecraft.wheat_seeds":9,"stat.mineBlock.minecraft.gravel":1,"stat.useItem.minecraft.stone_pickaxe":351,"stat.killEntity.Cow":9,"stat.mineBlock.minecraft.dirt":6,"stat.mineBlock.minecraft.monster_egg":2,"stat.walkOneCm":210532,"stat.useItem.minecraft.torch":83,"stat.playerKills":1,"stat.mineBlock.iceandfire.silver_ore":4,"stat.pickup.minecraft.crafting_table":7,"stat.useItem.minecraft.cobblestone":56,"stat.craftItem.minecraft.crafting_table":2,"stat.pickup.minecraft.log":38,"stat.craftItem.minecraft.gold_ingot":7,"stat.pickup.minecraft.stone":35,"stat.mineBlock.byg.prairie_grass8":2,"stat.mineBlock.byg.prairie_grass7":3,"stat.pickup.minecraft.sapling":2,"stat.mineBlock.byg.prairie_grass4":1,"stat.mineBlock.byg.prairie_grass3":2,"stat.mineBlock.byg.prairie_grass6":1,"stat.mineBlock.byg.prairie_grass5":1,"stat.pickup.minecraft.cooked_beef":2,"stat.useItem.minecraft.fireworks":22,"stat.mineBlock.byg.prairie_grass2":3,"stat.craftItem.minecraft.planks":48,"stat.mineBlock.byg.soapstone":26,"stat.mobKills":48,"stat.mineBlock.minecraft.log":38,"stat.pickup.minecraft.diamond":4,"stat.mineBlock.minecraft.leaves":7,"stat.pickup.minecraft.torch":8,"stat.killEntity.FireZombie":1,"stat.pickup.minecraft.red_flower":1,"stat.mineBlock.minecraft.redstone_ore":5,"stat.sneakTime":289,"stat.useItem.minecraft.wooden_axe":8,"stat.mineBlock.minecraft.stone":419}