{"stat.leaveGame":3,"stat.mineBlock.minecraft.cobblestone":3,"stat.pickup.minecraft.stone_pickaxe":2,"stat.pickup.minecraft.flint":22,"stat.pickup.dungeontactics.cherry_bomb":6,"stat.useItem.minecraft.diamond_sword":1,"stat.mineBlock.treasure2.ironbound_chest":2,"stat.swimOneCm":24213,"stat.useItem.minecraft.planks":8,"stat.climbOneCm":0,"stat.pickup.minecraft.glass":18,"stat.useItem.minecraft.dirt":25,"stat.useItem.minecraft.stone_slab2":26,"stat.pickup.minecraft.rotten_flesh":2,"stat.pickup.randomloot.paxel":1,"stat.pickup.minecraft.sand":11,"stat.craftItem.minecraft.furnace":1,"stat.useItem.minecraft.golden_sword":1,"stat.pickup.randomloot.heavy_chest":1,"stat.killEntity.artifacts.mimic":1,"stat.craftItem.minecraft.stone_axe":2,"stat.craftItem.minecraft.stone_pickaxe":4,"stat.mineBlock.dungeontactics.mushroom_coal":1,"stat.pickup.minecraft.cobblestone":268,"stat.pickup.dungeontactics.iron_cluster":31,"stat.useItem.minecraft.stone_shovel":262,"stat.flyOneCm":328283,"stat.entityKilledBy.firedragon":2,"stat.pickup.minecraft.brown_mushroom":6,"stat.mineBlock.minecraft.sand":9,"stat.pickup.iceandfire.ash":5,"stat.pickup.minecraft.fish":1,"stat.mineBlock.minecraft.iron_ore":31,"stat.timeSinceDeath":13823,"stat.pickup.umm3185118519.amber_ore":7,"stat.useItem.minecraft.spawn_egg":1,"stat.pickup.minecraft.mutton":6,"stat.drop.minecraft.cooked_mutton":1,"stat.craftItem.minecraft.bed":1,"stat.pickup.randomloot.sword":3,"stat.furnaceInteraction":2,"stat.pickup.iceandfire.dragon_skull":1,"stat.mineBlock.minecraft.coal_ore":50,"stat.pickup.minecraft.string":26,"stat.pickup.minecraft.beef":20,"stat.pickup.tombstone.crafting_ingredient":6,"stat.craftItem.minecraft.stone_slab2":0,"stat.sprintOneCm":181373,"stat.pickup.minecraft.iron_chestplate":1,"stat.craftItem.minecraft.stick":60,"stat.pickup.tombstone.magic_scroll":1,"stat.useItem.carryon.tile_item":1,"stat.craftItem.dungeontactics.stone_shield":1,"stat.mineBlock.minecraft.crafting_table":2,"stat.useItem.minecraft.beef":2,"stat.pickup.minecraft.spawn_egg":1,"stat.deaths":9,"stat.pickup.minecraft.bowl":8,"stat.drop":3,"stat.playOneMinute":68833,"stat.pickup.minecraft.stone_button":2,"stat.killEntity.Sheep":4,"stat.pickup.randomloot.golden_case":3,"stat.mineBlock.minecraft.tallgrass":4,"stat.diveOneCm":37820,"stat.pickup.minecraft.wheat":18,"stat.chestOpened":15,"stat.drop.dungeontactics.mushroom_coal":1,"stat.useItem.minecraft.stone":93,"stat.pickup.minecraft.gravel":180,"stat.pickup.minecraft.stone_axe":1,"stat.useItem.minecraft.apple":2,"stat.mineBlock.minecraft.deadbush":29,"stat.jump":1527,"stat.useItem.minecraft.sand":1,"stat.pickup.minecraft.coal":59,"stat.pickup.minecraft.iron_helmet":1,"stat.fallOneCm":53195,"stat.useItem.minecraft.stone_axe":56,"stat.crouchOneCm":4529,"stat.craftItem.minecraft.chest":3,"stat.craftItem.minecraft.torch":48,"stat.pickup.minecraft.dirt":104,"stat.pickup.minecraft.red_mushroom":8,"stat.craftingTableInteraction":13,"tombstone:sneak_grave":1,"stat.pickup.minecraft.feather":1,"stat.damageTaken":2551,"stat.pickup.minecraft.leather":14,"stat.pickup.minecraft.log2":29,"stat.useItem.dungeontactics.cherry_bomb":3,"stat.pickup.minecraft.reeds":52,"stat.pickup.minecraft.iron_leggings":1,"tombstone:undead_killed":5,"stat.pickup.minecraft.wheat_seeds":30,"stat.pickup.treasure2.ironbound_chest":2,"stat.mineBlock.minecraft.gravel":201,"stat.useItem.minecraft.stone_pickaxe":481,"stat.pickup.randomloot.pickaxe":1,"stat.damageDealt":3429,"stat.killEntity.bound_soul":3,"stat.sleepInBed":1,"stat.killEntity.Cow":11,"stat.mineBlock.minecraft.dirt":69,"stat.craftItem.minecraft.stone_shovel":2,"stat.walkOneCm":94503,"stat.useItem.minecraft.bread":6,"stat.useItem.minecraft.torch":4,"stat.useItem.minecraft.chest":1,"stat.pickup.minecraft.stick":29,"stat.pickup.minecraft.crafting_table":2,"stat.useItem.minecraft.cobblestone":41,"stat.craftItem.minecraft.crafting_table":1,"stat.pickup.randomloot.heavy_boots":2,"stat.useItem.minecraft.gravel":2,"stat.pickup.minecraft.log":60,"stat.mineBlock.umm3185118519.amber_ore":7,"stat.useItem.tombstone.gift":1,"stat.pickup.minecraft.stone":105,"stat.pickup.minecraft.web":2,"stat.pickup.minecraft.chicken":1,"stat.killEntity.GiantZombie":1,"stat.pickup.minecraft.tipped_arrow":1,"stat.pickup.minecraft.sapling":29,"stat.pickup.minecraft.apple":8,"stat.pickup.dungeontactics.mushroom_coal":1,"stat.craftItem.minecraft.planks":140,"stat.useItem.minecraft.iron_sword":2,"stat.killEntity.Chicken":1,"stat.pickup.minecraft.bread":4,"stat.pickup.minecraft.stone_sword":1,"stat.pickup.randomloot.shovel":1,"stat.mobKills":22,"stat.mineBlock.minecraft.log":3,"stat.pickup.iceandfire.dragonbone":10,"stat.pickup.artifacts.flame_pendant":1,"stat.mineBlock.minecraft.leaves":1,"stat.pickup.dungeontactics.bag_quiver":1,"stat.sneakTime":3826,"stat.pickup.minecraft.wool":6,"stat.drop.minecraft.stone_axe":1,"stat.mineBlock.minecraft.stone":369,"stat.craftItem.umm3185118519.amber":7}