{"stat.chestOpened":1,"stat.pickup.dungeontactics.throwing_knife":2,"stat.walkOneCm":24492,"stat.leaveGame":2,"stat.mineBlock.minecraft.vine":3,"stat.mineBlock.minecraft.cobblestone":135,"stat.pickup.minecraft.crafting_table":1,"stat.craftItem.minecraft.crafting_table":2,"stat.pickup.dungeontactics.cherry_bomb":1,"stat.pickup.minecraft.log":132,"stat.jump":170,"stat.fallOneCm":6280,"stat.climbOneCm":4806,"stat.useItem.minecraft.planks":17,"stat.useItem.minecraft.stone_axe":4,"stat.pickup.minecraft.porkchop":2,"stat.craftItem.dungeontactics.stone_battleaxe":2,"stat.crouchOneCm":2125,"stat.pickup.minecraft.sapling":5,"stat.useItem.chococraft.gysahl_green":4,"stat.sprintOneCm":13421,"stat.craftItem.dungeontactics.stone_club":1,"stat.useItem.minecraft.stone_slab2":6,"stat.craftItem.minecraft.stick":60,"stat.craftingTableInteraction":7,"stat.craftItem.minecraft.planks":272,"stat.craftItem.dungeontactics.stone_shield":3,"stat.craftItem.minecraft.stone_axe":4,"stat.damageTaken":143,"stat.mineBlock.minecraft.crafting_table":1,"stat.craftItem.minecraft.stone_pickaxe":4,"stat.useItem.minecraft.wooden_pickaxe":3,"stat.pickup.minecraft.cobblestone":135,"stat.mobKills":1,"stat.mineBlock.minecraft.log":6,"stat.pickup.chococraft.gysahl_green_seeds":14,"stat.pickup.minecraft.planks":2,"stat.useItem.dungeontactics.cherry_bomb":1,"stat.flyOneCm":16637,"stat.mineBlock.minecraft.planks":2,"stat.playOneMinute":53091,"stat.useItem.minecraft.stone_pickaxe":131,"stat.sneakTime":510,"stat.damageDealt":101,"stat.timeSinceDeath":53091,"stat.pickup.chococraft.gysahl_green":7,"stat.craftItem.minecraft.wooden_pickaxe":1,"stat.pickup.dungeontactics.throwing_knife_caustic":1,"stat.killEntity.Pig":1,"stat.mineBlock.minecraft.tallgrass":4,"stat.useItem.dungeontactics.stone_club":2}