{"stat.chestOpened":8,"stat.walkOneCm":11181,"stat.pickup.minecraft.stick":28,"stat.killEntity.Chicken":1,"stat.leaveGame":1,"stat.damageTaken":460,"stat.pickup.minecraft.feather":1,"stat.mineBlock.minecraft.deadbush":29,"stat.mobKills":1,"stat.useItem.minecraft.diamond_sword":1,"stat.pickup.minecraft.reeds":8,"stat.pickup.minecraft.spawn_egg":1,"stat.flyOneCm":72594,"stat.deaths":2,"stat.jump":287,"stat.swimOneCm":5580,"stat.playOneMinute":17086,"stat.fallOneCm":10488,"stat.useItem.tombstone.gift":1,"stat.sneakTime":56,"stat.damageDealt":40,"stat.crouchOneCm":68,"stat.pickup.minecraft.chicken":1,"stat.pickup.randomloot.golden_case":3,"stat.timeSinceDeath":3973,"stat.sprintOneCm":37839,"stat.useItem.minecraft.spawn_egg":1,"stat.diveOneCm":2717}