{"stat.pickup.minecraft.wooden_slab":1,"stat.mineBlock.tconstruct.seared_tank":1,"stat.leaveGame":2,"stat.drop.improvableskills.scroll_normal":1,"stat.pickup.tombstone.familiar_stone":2,"stat.drop.minecraft.enchanted_book":1,"stat.pickup.tconstruct.faucet":2,"stat.useItem.minecraft.planks":38,"stat.pickup.minecraft.porkchop":5,"stat.useItem.minecraft.water_bucket":2,"stat.pickup.minecraft.rotten_flesh":45,"stat.pickup.minecraft.sand":8,"stat.pickup.minecraft.brick_block":2,"stat.craftItem.minecraft.stone_axe":2,"stat.pickup.minecraft.bucket":2,"stat.craftItem.tconstruct.casting":3,"stat.mineBlock.minecraft.wooden_slab":1,"stat.mineBlock.minecraft.sand":8,"stat.craftItem.minecraft.cooked_fish":1,"stat.craftItem.spartanshields.shield_basic_wood":1,"stat.hopperInspected":5,"stat.drop.minecraft.diamond":4,"stat.pickup.minecraft.stained_hardened_clay":1,"stat.craftItem.minecraft.wooden_pickaxe":1,"stat.mineBlock.minecraft.brick_block":2,"stat.craftItem.minecraft.bed":2,"stat.mineBlock.minecraft.vine":1,"stat.furnaceInteraction":70,"stat.useItem.twilightforest.twilight_oak_door":1,"stat.pickup.spartanshields.shield_tower_stone":1,"stat.pickup.minecraft.beef":26,"stat.useItem.minecraft.cooked_mutton":7,"stat.pickup.minecraft.furnace":1,"stat.pickup.mowziesmobs.wrought_axe":1,"stat.pickup.mowziesmobs.wrought_helmet":1,"stat.pickup.tconstruct.smeltery_io":1,"stat.drop.artifacts.obsidian_skull":1,"stat.killEntity.PlagueZombie":1,"stat.useItem.minecraft.hopper":2,"stat.pickup.minecraft.saddle":2,"stat.pickup.dynamictrees.oakseed":20,"stat.deaths":16,"stat.pickup.minecraft.egg":1,"stat.playOneMinute":167676,"stat.drop.iceandfire.silver_nugget":2,"stat.pickup.minecraft.dispenser":1,"stat.mineBlock.minecraft.tallgrass":25,"stat.craftItem.minecraft.cooked_mutton":9,"stat.chestOpened":84,"stat.pickup.tconstruct.casting":1,"stat.useItem.minecraft.stone":1,"stat.pickup.minecraft.waterlily":17,"stat.pickup.minecraft.arrow":8,"stat.pickup.minecraft.iron_sword":1,"stat.mineBlock.tconstruct.faucet":2,"stat.pickup.tconstruct.seared_furnace_controller":6,"stat.pickup.iceandfire.silver_nugget":4,"stat.fallOneCm":79881,"stat.pickup.minecraft.carrot":3,"stat.crouchOneCm":8846,"stat.mineBlock.minecraft.chest":2,"stat.craftItem.minecraft.iron_ingot":59,"stat.craftItem.minecraft.chest":8,"stat.pickup.minecraft.red_mushroom":1,"stat.craftingTableInteraction":39,"stat.craftItem.tconstruct.pattern":12,"stat.pickup.minecraft.feather":4,"stat.mineBlock.tconstruct.smeltery_io":1,"stat.craftItem.tconstruct.materials":218,"stat.pickup.minecraft.planks":6,"stat.pickup.minecraft.wheat_seeds":15,"stat.mineBlock.minecraft.gravel":66,"stat.useItem.minecraft.stone_pickaxe":110,"stat.craftItem.tconstruct.seared_tank":2,"stat.craftItem.tconstruct.seared_furnace_controller":1,"stat.useItem.mowziesmobs.wrought_axe":20,"stat.mineBlock.minecraft.dirt":167,"stat.entityKilledBy.FishingZombie":1,"stat.useItem.minecraft.bread":5,"stat.useItem.minecraft.torch":23,"stat.pickup.minecraft.golden_apple":3,"stat.craftItem.improvableskills.skills_book":1,"stat.pickup.minecraft.iron_nugget":2,"stat.drop.minecraft.rotten_flesh":3,"stat.pickup.minecraft.crafting_table":4,"stat.useItem.minecraft.cobblestone":44,"stat.craftItem.minecraft.crafting_table":3,"stat.mineBlock.minecraft.double_plant":2,"stat.useItem.dynamictrees.oakseed":6,"stat.pickup.minecraft.log":46,"stat.useItem.minecraft.cooked_fish":1,"stat.drop.minecraft.iron_ore":8,"stat.pickup.minecraft.chicken":1,"stat.pickup.minecraft.apple":4,"stat.craftItem.tconstruct.smeltery_controller":1,"stat.craftItem.spartanshields.shield_tower_wood":1,"stat.craftItem.minecraft.bucket":1,"stat.craftItem.minecraft.planks":160,"stat.useItem.minecraft.iron_sword":155,"stat.pickup.minecraft.book":21,"stat.mineBlock.minecraft.log":1,"stat.mineBlock.minecraft.waterlily":1,"stat.killEntity.FireZombie":2,"stat.pickup.minecraft.red_flower":10,"stat.sneakTime":3154,"stat.pickup.minecraft.wool":16,"stat.useItem.minecraft.wooden_axe":3,"stat.pickup.minecraft.stone_slab":22,"stat.pickup.minecraft.yellow_flower":1,"stat.drop.minecraft.wooden_axe":1,"stat.entityKilledBy.KnightSkeleton":1,"stat.pickup.minecraft.chest":2,"stat.pickup.minecraft.tripwire_hook":1,"stat.pickup.minecraft.bone":15,"stat.pickup.minecraft.bookshelf":1,"stat.killEntity.HungryZombie":3,"stat.mineBlock.minecraft.cobblestone":6,"stat.pickup.minecraft.stone_pickaxe":2,"stat.pickup.minecraft.flint":9,"stat.craftItem.tconstruct.faucet":2,"stat.swimOneCm":9837,"stat.drop.minecraft.saddle":1,"stat.climbOneCm":2604,"stat.pickup.minecraft.enchanted_book":1,"stat.useItem.minecraft.obsidian":4,"stat.useItem.minecraft.dirt":81,"stat.useItem.minecraft.stone_slab2":64,"stat.pickup.minecraft.bow":2,"stat.craftItem.minecraft.furnace":2,"stat.killEntity.BruteZombie":1,"stat.killEntity.artifacts.mimic":1,"stat.craftItem.minecraft.iron_boots":1,"stat.craftItem.spartanshields.shield_tower_stone":1,"stat.drop.minecraft.ender_pearl":2,"stat.killEntity.SniperSkeleton":1,"stat.craftItem.minecraft.stone_pickaxe":2,"stat.craftItem.minecraft.cooked_beef":12,"stat.pickup.minecraft.cobblestone":76,"stat.drop.spartanshields.shield_tower_stone":2,"stat.mineBlock.minecraft.clay":17,"stat.useItem.minecraft.stone_shovel":256,"stat.flyOneCm":764373,"stat.drop.minecraft.wheat_seeds":3,"stat.useItem.minecraft.cooked_beef":12,"stat.drop.minecraft.clay_ball":72,"stat.pickup.minecraft.redstone":12,"stat.mineBlock.minecraft.iron_ore":15,"stat.timeSinceDeath":7462,"stat.pickup.minecraft.mutton":11,"stat.pickup.minecraft.wooden_axe":1,"stat.craftItem.tconstruct.seared":46,"stat.pickup.minecraft.stonebrick":1,"stat.pickup.minecraft.redstone_lamp":3,"stat.drop.minecraft.dirt":64,"stat.mineBlock.minecraft.coal_ore":28,"stat.talkedToVillager":7,"stat.pickup.minecraft.string":11,"stat.killEntity.BruteSkeleton":1,"stat.pickup.tombstone.crafting_ingredient":8,"stat.craftItem.minecraft.stone_slab2":0,"stat.craftItem.tconstruct.tooltables":5,"stat.sprintOneCm":361536,"stat.craftItem.minecraft.wooden_axe":2,"stat.craftItem.minecraft.stick":16,"stat.useItem.carryon.tile_item":5,"stat.mineBlock.minecraft.crafting_table":3,"stat.waystones:waystonesActivated":1,"stat.useItem.minecraft.carrot":2,"stat.drop.minecraft.golden_apple":2,"stat.mineBlock.minecraft.planks":6,"stat.drop":36,"stat.craftItem.spartanshields.shield_basic_stone":1,"stat.killEntity.Sheep":9,"stat.useItem.tconstruct.seared":34,"stat.diveOneCm":17263,"stat.drop.improvableskills.skills_book":1,"stat.craftItem.ironbackpacks.backpack":3,"stat.entityKilledBy.SniperSkeleton":1,"stat.drop.minecraft.wooden_pickaxe":1,"stat.mineBlock.tconstruct.seared_furnace_controller":5,"stat.pickup.minecraft.gravel":67,"stat.killEntity.FlyingCaveSpider":2,"stat.drop.minecraft.cooked_beef":2,"stat.pickup.minecraft.stone_axe":2,"stat.useItem.minecraft.waterlily":1,"stat.useItem.minecraft.apple":7,"stat.useItem.minecraft.rotten_flesh":3,"stat.jump":2490,"stat.pickup.minecraft.coal":28,"stat.pickup.minecraft.iron_ingot":1,"stat.pickup.tconstruct.seared_tank":1,"stat.useItem.minecraft.stone_axe":128,"stat.pickup.minecraft.gunpowder":1,"stat.pickup.minecraft.spider_eye":10,"stat.craftItem.minecraft.torch":16,"stat.entityKilledBy.HungryZombie":1,"stat.pickup.minecraft.dirt":182,"stat.craftItem.minecraft.iron_helmet":1,"stat.pickup.minecraft.iron_ore":21,"stat.useItem.minecraft.redstone_lamp":1,"stat.mineBlock.minecraft.glass_pane":2,"stat.damageTaken":8092,"stat.pickup.minecraft.leather":10,"stat.mineBlock.minecraft.red_flower":10,"stat.mineBlock.minecraft.furnace":1,"stat.mineBlock.minecraft.torch":1,"stat.useItem.minecraft.wooden_pickaxe":4,"stat.dispenserInspected":1,"tombstone:undead_killed":46,"stat.useItem.tombstone.grave_key":1,"stat.killEntity.KnightSkeleton":2,"stat.pickup.tconstruct.materials":24,"stat.craftItem.minecraft.glass":8,"stat.damageDealt":142,"stat.sleepInBed":6,"stat.killEntity.FishingZombie":2,"stat.killEntity.Cow":15,"stat.useItem.minecraft.crafting_table":2,"stat.killEntity.Pig":3,"stat.pickup.artifacts.obsidian_skull":1,"stat.craftItem.minecraft.stone_shovel":2,"stat.walkOneCm":360745,"stat.useItem.minecraft.chest":4,"stat.craftItem.tconstruct.smeltery_io":1,"stat.pickup.minecraft.stick":35,"stat.pickup.minecraft.clay_ball":72,"stat.useItem.tombstone.gift":1,"stat.pickup.minecraft.stone":2,"stat.craftItem.minecraft.iron_chestplate":1,"stat.killEntity.GiantZombie":1,"stat.pickup.minecraft.ender_pearl":6,"stat.pickup.minecraft.ladder":1,"stat.pickup.minecraft.cooked_beef":2,"stat.pickup.minecraft.gold_ingot":9,"stat.killEntity.Chicken":1,"stat.mobKills":93,"stat.mineBlock.minecraft.bookshelf":7,"stat.useItem.minecraft.golden_apple":1,"stat.pickup.minecraft.diamond":25,"stat.pickup.minecraft.iron_horse_armor":2,"stat.pickup.minecraft.torch":10,"stat.mineBlock.tconstruct.casting":1,"stat.drop.minecraft.stone_axe":1,"stat.mineBlock.minecraft.stone":46}