{"stat.chestOpened":14,"stat.walkOneCm":66770,"stat.pickup.minecraft.golden_apple":2,"stat.useItem.minecraft.chest":2,"stat.pickup.minecraft.stick":7,"stat.pickup.minecraft.wooden_axe":1,"stat.drop.minecraft.wooden_pickaxe":1,"stat.leaveGame":1,"stat.pickup.minecraft.waterlily":7,"stat.pickup.minecraft.crafting_table":4,"stat.pickup.minecraft.stone_pickaxe":2,"stat.craftItem.minecraft.crafting_table":1,"stat.pickup.minecraft.stone_axe":1,"stat.furnaceInteraction":8,"stat.mineBlock.minecraft.coal_ore":26,"stat.useItem.dynamictrees.oakseed":2,"stat.useItem.twilightforest.twilight_oak_door":1,"stat.pickup.minecraft.log":11,"stat.pickup.iceandfire.silver_nugget":4,"stat.pickup.spartanshields.shield_tower_stone":1,"stat.swimOneCm":805,"stat.jump":541,"stat.drop.minecraft.saddle":1,"stat.pickup.minecraft.coal":26,"stat.climbOneCm":612,"stat.fallOneCm":13019,"stat.useItem.tombstone.gift":1,"stat.useItem.minecraft.cooked_mutton":3,"stat.pickup.minecraft.furnace":1,"stat.useItem.minecraft.stone_axe":13,"stat.craftItem.minecraft.stone_slab2":0,"stat.pickup.minecraft.porkchop":5,"stat.crouchOneCm":1334,"stat.craftItem.minecraft.torch":16,"stat.pickup.minecraft.ender_pearl":6,"stat.sprintOneCm":58898,"stat.useItem.minecraft.stone_slab2":7,"stat.craftItem.minecraft.wooden_axe":2,"stat.craftItem.minecraft.stick":8,"stat.craftingTableInteraction":8,"stat.pickup.minecraft.iron_ore":3,"stat.pickup.minecraft.rotten_flesh":12,"stat.craftItem.spartanshields.shield_tower_wood":1,"stat.useItem.carryon.tile_item":4,"stat.craftItem.minecraft.planks":44,"stat.craftItem.minecraft.stone_axe":1,"stat.damageTaken":136,"stat.mineBlock.minecraft.crafting_table":3,"stat.craftItem.spartanshields.shield_tower_stone":1,"stat.pickup.minecraft.leather":1,"stat.drop.minecraft.ender_pearl":2,"stat.pickup.minecraft.bucket":2,"stat.mineBlock.minecraft.red_flower":10,"stat.craftItem.minecraft.stone_pickaxe":1,"stat.mineBlock.minecraft.furnace":1,"stat.useItem.minecraft.wooden_pickaxe":4,"stat.useItem.minecraft.hopper":2,"stat.pickup.minecraft.saddle":2,"stat.drop.minecraft.golden_apple":1,"stat.pickup.minecraft.cobblestone":22,"stat.mobKills":4,"stat.pickup.dynamictrees.oakseed":7,"stat.drop.spartanshields.shield_tower_stone":2,"stat.flyOneCm":381788,"stat.deaths":1,"stat.pickup.minecraft.diamond":23,"stat.drop":12,"stat.pickup.minecraft.wheat_seeds":2,"stat.playOneMinute":32910,"stat.drop.minecraft.wheat_seeds":2,"stat.drop.iceandfire.silver_nugget":2,"stat.useItem.minecraft.stone_pickaxe":49,"stat.killEntity.Sheep":1,"stat.pickup.minecraft.red_flower":10,"stat.sneakTime":818,"stat.pickup.minecraft.wool":1,"stat.pickup.minecraft.redstone":10,"stat.mineBlock.minecraft.iron_ore":3,"stat.timeSinceDeath":23500,"stat.hopperInspected":5,"stat.useItem.minecraft.wooden_axe":3,"stat.killEntity.Cow":1,"stat.useItem.minecraft.crafting_table":1,"stat.craftItem.minecraft.wooden_pickaxe":1,"stat.mineBlock.minecraft.stone":22,"stat.killEntity.Pig":3,"stat.mineBlock.minecraft.tallgrass":6,"stat.craftItem.minecraft.cooked_mutton":6,"stat.diveOneCm":187,"stat.drop.minecraft.wooden_axe":1,"stat.pickup.minecraft.mutton":1}