{"stat.chestOpened":10,"stat.walkOneCm":31226,"stat.drop.minecraft.wooden_pickaxe":1,"stat.leaveGame":4,"stat.pickup.minecraft.crafting_table":1,"stat.craftItem.minecraft.crafting_table":1,"stat.pickup.minecraft.log":4,"stat.jump":325,"stat.swimOneCm":709,"stat.useItem.tombstone.fishing_rod_of_misadventure":1,"stat.fallOneCm":7035,"stat.pickup.minecraft.beef":5,"stat.useItem.tombstone.gift":1,"stat.useItem.minecraft.stone_axe":14,"stat.crouchOneCm":1482,"stat.mineBlock.byg.prairie_grass8":1,"stat.mineBlock.byg.prairie_grass7":1,"stat.sprintOneCm":30775,"stat.mineBlock.byg.prairie_grass3":1,"stat.useItem.minecraft.stone_slab2":2,"stat.mineBlock.byg.prairie_grass2":1,"stat.craftItem.minecraft.stick":8,"stat.craftingTableInteraction":3,"stat.useItem.carryon.tile_item":1,"stat.craftItem.minecraft.planks":16,"stat.craftItem.minecraft.stone_axe":1,"stat.damageTaken":150,"stat.mineBlock.minecraft.crafting_table":1,"stat.pickup.minecraft.leather":7,"stat.mineBlock.minecraft.red_flower":1,"stat.craftItem.minecraft.stone_pickaxe":1,"stat.useItem.minecraft.wooden_pickaxe":3,"stat.dispenserInspected":1,"stat.pickup.minecraft.cobblestone":7,"stat.mobKills":4,"stat.mineBlock.minecraft.log":4,"stat.useItem.carryon.entity_item":8,"stat.flyOneCm":322296,"stat.deaths":2,"stat.pickup.minecraft.wheat_seeds":2,"stat.drop":1,"stat.playOneMinute":49567,"stat.pickup.minecraft.fish":1,"stat.useItem.minecraft.stone_pickaxe":4,"stat.pickup.minecraft.red_flower":1,"stat.sneakTime":734,"stat.timeSinceDeath":27444,"stat.killEntity.Cow":4,"stat.craftItem.minecraft.wooden_pickaxe":1,"stat.mineBlock.minecraft.stone":7,"stat.fishCaught":1,"stat.mineBlock.minecraft.tallgrass":10,"stat.diveOneCm":218}