{"stat.chestOpened":28,"stat.drop.minecraft.stone_pickaxe":1,"stat.killEntity.FlyingSilverfish":1,"stat.pickup.minecraft.bone":2,"stat.pickup.iceandfire.troll_leather_mountain":4,"stat.useItem.minecraft.stone":4,"stat.drop.minecraft.wooden_pickaxe":1,"stat.mineBlock.minecraft.netherrack":12,"stat.useItem.minecraft.iron_axe":68,"stat.leaveGame":5,"stat.pickup.minecraft.gravel":10,"stat.pickup.minecraft.arrow":3,"stat.drop.minecraft.cooked_beef":2,"stat.mineBlock.minecraft.cobblestone":1,"stat.mineBlock.byg.prairie_grass":1,"stat.pickup.minecraft.flint":2,"stat.craftItem.minecraft.iron_axe":1,"stat.useItem.minecraft.apple":1,"stat.pickup.minecraft.flower_pot":1,"stat.useItem.byg.soapstone":3,"stat.useItem.minecraft.rotten_flesh":1,"stat.useItem.byg.salal_berry":6,"stat.pickup.byg.soapstone":25,"stat.jump":1653,"stat.swimOneCm":2398,"stat.useItem.tombstone.fishing_rod_of_misadventure":1,"stat.pickup.minecraft.coal":151,"stat.fallOneCm":29968,"stat.useItem.minecraft.stone_axe":104,"stat.pickup.minecraft.gunpowder":7,"stat.crouchOneCm":3053,"stat.craftItem.minecraft.torch":24,"stat.craftItem.minecraft.iron_ingot":8,"stat.pickup.byg.scoria":111,"stat.pickup.minecraft.dirt":15,"stat.useItem.minecraft.dirt":9,"stat.useItem.minecraft.cookie":3,"stat.useItem.minecraft.stone_slab2":23,"stat.pickup.minecraft.bow":1,"stat.craftingTableInteraction":10,"stat.pickup.minecraft.iron_ore":36,"stat.pickup.minecraft.rotten_flesh":16,"stat.pickup.iceandfire.silver_ore":4,"stat.pickup.minecraft.gold_ore":2,"stat.mineBlock.minecraft.iron_bars":4,"stat.useItem.byg.scoria":3,"stat.pickup.minecraft.iron_axe":1,"stat.craftItem.minecraft.stone_axe":1,"stat.damageTaken":1667,"stat.pickup.minecraft.leather":11,"stat.mineBlock.minecraft.red_flower":1,"stat.craftItem.minecraft.stone_pickaxe":3,"stat.mineBlock.minecraft.furnace":2,"stat.mineBlock.minecraft.torch":6,"stat.useItem.minecraft.wooden_pickaxe":3,"stat.dispenserInspected":1,"stat.craftItem.minecraft.cooked_beef":7,"stat.pickup.minecraft.cobblestone":113,"stat.pickup.byg.salal_berry":6,"stat.flyOneCm":475801,"stat.pickup.minecraft.bed":1,"stat.pickup.minecraft.soul_sand":18,"tombstone:undead_killed":12,"stat.pickup.minecraft.wheat_seeds":9,"stat.mineBlock.byg.scoria":113,"stat.pickup.minecraft.fish":1,"stat.drop.minecraft.wheat_seeds":5,"stat.mineBlock.minecraft.gravel":8,"stat.useItem.minecraft.stone_pickaxe":307,"stat.useItem.minecraft.cooked_beef":5,"stat.pickup.minecraft.redstone":9,"stat.craftItem.byg.cookedflesh":2,"stat.mineBlock.minecraft.iron_ore":32,"stat.timeSinceDeath":0,"stat.killEntity.Cow":8,"stat.mineBlock.minecraft.dirt":15,"stat.useItem.minecraft.iron_pickaxe":168,"stat.craftItem.minecraft.wooden_pickaxe":1,"stat.useItem.minecraft.iron_bars":1,"stat.drop.minecraft.iron_axe":1,"stat.walkOneCm":198568,"stat.useItem.minecraft.torch":27,"stat.useItem.minecraft.bread":1,"stat.playerKills":2,"stat.pickup.minecraft.stick":2,"stat.mineBlock.iceandfire.silver_ore":4,"stat.pickup.minecraft.crafting_table":7,"stat.useItem.minecraft.cobblestone":2,"stat.furnaceInteraction":14,"stat.craftItem.minecraft.crafting_table":1,"stat.mineBlock.minecraft.coal_ore":149,"stat.mineBlock.minecraft.emerald_ore":2,"stat.useItem.byg.cookedflesh":1,"stat.pickup.minecraft.log":49,"stat.pickup.minecraft.beef":14,"stat.useItem.tombstone.gift":1,"stat.pickup.minecraft.furnace":2,"stat.pickup.tombstone.crafting_ingredient":3,"stat.useItem.minecraft.yellow_flower":1,"stat.craftItem.minecraft.stone_slab2":0,"stat.pickup.minecraft.stone":23,"stat.mineBlock.byg.prairie_grass8":4,"stat.killEntity.if_troll":1,"stat.mineBlock.byg.prairie_grass7":2,"stat.mineBlock.byg.salal_bush_ripe":3,"stat.pickup.minecraft.sapling":1,"stat.mineBlock.byg.prairie_grass4":1,"stat.sprintOneCm":189142,"stat.mineBlock.byg.prairie_grass3":1,"stat.mineBlock.byg.prairie_grass2":1,"stat.craftItem.minecraft.stick":72,"stat.pickup.tombstone.magic_scroll":2,"stat.drop.minecraft.bow":1,"stat.craftItem.iceandfire.mountain_troll_leather_boots":1,"stat.useItem.carryon.tile_item":2,"stat.mineBlock.minecraft.stonebrick":1,"stat.craftItem.minecraft.planks":44,"stat.mineBlock.byg.soapstone":25,"stat.pickup.iceandfire.troll_skull":1,"stat.mineBlock.minecraft.diamond_ore":2,"stat.drop.minecraft.crafting_table":1,"stat.mineBlock.minecraft.crafting_table":7,"stat.killEntity.PlagueZombie":2,"stat.pickup.minecraft.bread":1,"stat.useItem.minecraft.carrot":1,"stat.entityKilledBy.MotherCaveSpider":1,"stat.pickup.byg.firlog":1,"stat.mobKills":31,"stat.pickup.minecraft.saddle":1,"stat.pickup.minecraft.emerald":2,"stat.pickup.minecraft.book":3,"stat.mineBlock.minecraft.log":49,"stat.mineBlock.minecraft.soul_sand":5,"stat.mineBlock.minecraft.bookshelf":1,"stat.useItem.minecraft.beef":1,"stat.useItem.carryon.entity_item":8,"stat.deaths":6,"stat.drop":9,"stat.pickup.minecraft.diamond":4,"stat.mineBlock.minecraft.leaves":12,"stat.playOneMinute":108562,"stat.pickup.minecraft.torch":8,"stat.killEntity.FireZombie":1,"stat.pickup.minecraft.red_flower":3,"stat.sneakTime":1572,"stat.craftItem.minecraft.iron_pickaxe":1,"stat.pickup.minecraft.iron_bars":4,"stat.pickup.minecraft.yellow_flower":2,"stat.mineBlock.minecraft.stone":126,"stat.mineBlock.minecraft.gold_ore":2,"stat.fishCaught":1,"stat.mineBlock.minecraft.tallgrass":55,"stat.pickup.minecraft.netherrack":49,"stat.diveOneCm":1121,"stat.pickup.minecraft.wheat":2,"stat.pickup.minecraft.chest":1}