{"stat.chestOpened":14,"stat.walkOneCm":32109,"stat.pickup.minecraft.golden_apple":2,"stat.useItem.minecraft.chest":2,"stat.pickup.minecraft.stick":7,"stat.pickup.minecraft.wooden_axe":1,"stat.drop.minecraft.wooden_pickaxe":1,"stat.leaveGame":1,"stat.pickup.minecraft.waterlily":7,"stat.craftItem.minecraft.crafting_table":1,"stat.useItem.dynamictrees.oakseed":2,"stat.useItem.twilightforest.twilight_oak_door":1,"stat.pickup.minecraft.log":11,"stat.pickup.iceandfire.silver_nugget":4,"stat.swimOneCm":660,"stat.jump":221,"stat.drop.minecraft.saddle":1,"stat.climbOneCm":612,"stat.fallOneCm":3996,"stat.useItem.tombstone.gift":1,"stat.crouchOneCm":415,"stat.pickup.minecraft.ender_pearl":6,"stat.sprintOneCm":29477,"stat.useItem.minecraft.stone_slab2":6,"stat.craftItem.minecraft.wooden_axe":2,"stat.craftItem.minecraft.stick":4,"stat.craftingTableInteraction":4,"stat.pickup.minecraft.rotten_flesh":12,"stat.useItem.carryon.tile_item":1,"stat.craftItem.minecraft.planks":44,"stat.damageTaken":8,"stat.drop.minecraft.ender_pearl":2,"stat.pickup.minecraft.bucket":2,"stat.mineBlock.minecraft.red_flower":10,"stat.craftItem.minecraft.stone_pickaxe":1,"stat.useItem.minecraft.wooden_pickaxe":4,"stat.useItem.minecraft.hopper":2,"stat.pickup.minecraft.saddle":2,"stat.drop.minecraft.golden_apple":1,"stat.pickup.minecraft.cobblestone":4,"stat.pickup.dynamictrees.oakseed":7,"stat.flyOneCm":320073,"stat.deaths":1,"stat.pickup.minecraft.diamond":23,"stat.drop":9,"stat.pickup.minecraft.wheat_seeds":2,"stat.playOneMinute":20310,"stat.drop.minecraft.wheat_seeds":2,"stat.drop.iceandfire.silver_nugget":2,"stat.pickup.minecraft.red_flower":10,"stat.sneakTime":612,"stat.pickup.minecraft.redstone":10,"stat.timeSinceDeath":10900,"stat.hopperInspected":5,"stat.useItem.minecraft.wooden_axe":3,"stat.craftItem.minecraft.wooden_pickaxe":1,"stat.mineBlock.minecraft.stone":4,"stat.mineBlock.minecraft.tallgrass":6,"stat.diveOneCm":187}