{"stat.chestOpened":57,"stat.pickup.minecraft.tripwire_hook":1,"stat.drop.improvableskills.skills_book":1,"stat.craftItem.ironbackpacks.backpack":2,"stat.pickup.minecraft.bone":2,"stat.mineBlock.tconstruct.seared_tank":1,"stat.pickup.tconstruct.casting":1,"stat.useItem.minecraft.stone":1,"stat.drop.minecraft.wooden_pickaxe":1,"stat.leaveGame":2,"stat.mineBlock.tconstruct.seared_furnace_controller":4,"stat.pickup.minecraft.gravel":43,"stat.pickup.minecraft.waterlily":8,"stat.pickup.minecraft.arrow":2,"stat.pickup.minecraft.stone_pickaxe":2,"stat.pickup.minecraft.stone_axe":2,"stat.pickup.minecraft.flint":5,"stat.useItem.minecraft.waterlily":1,"stat.drop.improvableskills.scroll_normal":1,"stat.useItem.minecraft.apple":4,"stat.craftItem.tconstruct.faucet":2,"stat.mineBlock.tconstruct.faucet":2,"stat.pickup.tconstruct.seared_furnace_controller":5,"stat.pickup.iceandfire.silver_nugget":4,"stat.swimOneCm":8802,"stat.jump":1565,"stat.drop.minecraft.saddle":1,"stat.pickup.tconstruct.faucet":2,"stat.pickup.minecraft.coal":28,"stat.climbOneCm":2604,"stat.fallOneCm":48853,"stat.useItem.minecraft.planks":27,"stat.pickup.tconstruct.seared_tank":1,"stat.useItem.minecraft.stone_axe":93,"stat.pickup.minecraft.porkchop":5,"stat.crouchOneCm":6233,"stat.mineBlock.minecraft.chest":2,"stat.craftItem.minecraft.torch":16,"stat.entityKilledBy.HungryZombie":1,"stat.craftItem.minecraft.iron_ingot":14,"stat.craftItem.minecraft.chest":2,"stat.pickup.minecraft.dirt":133,"stat.useItem.minecraft.dirt":62,"stat.useItem.minecraft.stone_slab2":46,"stat.useItem.minecraft.water_bucket":2,"stat.craftingTableInteraction":31,"stat.pickup.minecraft.iron_ore":13,"stat.pickup.minecraft.rotten_flesh":17,"stat.pickup.minecraft.sand":8,"stat.craftItem.minecraft.furnace":2,"stat.killEntity.artifacts.mimic":1,"stat.craftItem.minecraft.stone_axe":2,"stat.damageTaken":3022,"stat.craftItem.spartanshields.shield_tower_stone":1,"stat.pickup.minecraft.leather":7,"stat.drop.minecraft.ender_pearl":2,"stat.pickup.minecraft.bucket":2,"stat.mineBlock.minecraft.red_flower":10,"stat.craftItem.minecraft.stone_pickaxe":2,"stat.mineBlock.minecraft.furnace":1,"stat.useItem.minecraft.wooden_pickaxe":4,"stat.dispenserInspected":1,"stat.craftItem.minecraft.cooked_beef":12,"stat.mineBlock.tconstruct.smeltery_io":1,"stat.craftItem.tconstruct.materials":154,"stat.pickup.minecraft.cobblestone":44,"stat.craftItem.tconstruct.casting":3,"stat.drop.spartanshields.shield_tower_stone":2,"stat.mineBlock.minecraft.clay":17,"stat.pickup.minecraft.planks":6,"stat.useItem.minecraft.stone_shovel":205,"stat.flyOneCm":580681,"tombstone:undead_killed":4,"stat.useItem.tombstone.grave_key":1,"stat.pickup.minecraft.wheat_seeds":8,"stat.mineBlock.minecraft.sand":8,"stat.pickup.tconstruct.materials":24,"stat.drop.minecraft.wheat_seeds":2,"stat.mineBlock.minecraft.gravel":49,"stat.useItem.minecraft.stone_pickaxe":88,"stat.craftItem.tconstruct.seared_tank":2,"stat.useItem.minecraft.cooked_beef":9,"stat.craftItem.tconstruct.seared_furnace_controller":1,"stat.drop.minecraft.clay_ball":72,"stat.craftItem.minecraft.glass":8,"stat.pickup.minecraft.redstone":10,"stat.mineBlock.minecraft.iron_ore":7,"stat.sleepInBed":3,"stat.timeSinceDeath":1196,"stat.killEntity.FishingZombie":1,"stat.craftItem.spartanshields.shield_basic_wood":1,"stat.hopperInspected":5,"stat.killEntity.Cow":13,"stat.useItem.minecraft.crafting_table":2,"stat.mineBlock.minecraft.dirt":133,"stat.drop.minecraft.diamond":4,"stat.pickup.minecraft.stained_hardened_clay":1,"stat.craftItem.minecraft.wooden_pickaxe":1,"stat.killEntity.Pig":3,"stat.pickup.artifacts.obsidian_skull":1,"stat.pickup.minecraft.mutton":10,"stat.craftItem.minecraft.stone_shovel":2,"stat.walkOneCm":205014,"stat.craftItem.minecraft.bed":2,"stat.useItem.minecraft.bread":2,"stat.useItem.minecraft.torch":11,"stat.pickup.minecraft.golden_apple":2,"stat.useItem.minecraft.chest":3,"stat.craftItem.improvableskills.skills_book":1,"stat.craftItem.tconstruct.smeltery_io":1,"stat.pickup.minecraft.stick":16,"stat.pickup.minecraft.wooden_axe":1,"stat.mineBlock.minecraft.vine":1,"stat.pickup.minecraft.crafting_table":4,"stat.craftItem.tconstruct.seared":29,"stat.pickup.minecraft.clay_ball":72,"stat.pickup.minecraft.stonebrick":1,"stat.craftItem.minecraft.crafting_table":1,"stat.furnaceInteraction":49,"stat.drop.minecraft.dirt":64,"stat.mineBlock.minecraft.coal_ore":28,"stat.useItem.dynamictrees.oakseed":6,"stat.useItem.twilightforest.twilight_oak_door":1,"stat.pickup.minecraft.log":27,"stat.pickup.minecraft.string":1,"stat.pickup.spartanshields.shield_tower_stone":1,"stat.pickup.minecraft.beef":23,"stat.useItem.tombstone.gift":1,"stat.useItem.minecraft.cooked_mutton":6,"stat.pickup.minecraft.furnace":1,"stat.drop.minecraft.iron_ore":8,"stat.craftItem.minecraft.stone_slab2":0,"stat.pickup.minecraft.stone":2,"stat.pickup.minecraft.ender_pearl":6,"stat.sprintOneCm":186512,"stat.pickup.minecraft.apple":4,"stat.pickup.minecraft.ladder":1,"stat.craftItem.minecraft.wooden_axe":2,"stat.craftItem.minecraft.stick":16,"stat.pickup.minecraft.gold_ingot":9,"stat.craftItem.tconstruct.smeltery_controller":1,"stat.craftItem.spartanshields.shield_tower_wood":1,"stat.useItem.carryon.tile_item":4,"stat.craftItem.minecraft.bucket":1,"stat.craftItem.minecraft.planks":104,"stat.pickup.tconstruct.smeltery_io":1,"stat.mineBlock.minecraft.crafting_table":3,"stat.drop.artifacts.obsidian_skull":1,"stat.useItem.minecraft.hopper":2,"stat.drop.minecraft.golden_apple":1,"stat.pickup.minecraft.saddle":2,"stat.mobKills":30,"stat.pickup.dynamictrees.oakseed":12,"stat.mineBlock.minecraft.log":1,"stat.mineBlock.minecraft.waterlily":1,"stat.deaths":4,"stat.mineBlock.minecraft.planks":6,"stat.drop":31,"stat.pickup.minecraft.diamond":25,"stat.playOneMinute":96313,"stat.craftItem.spartanshields.shield_basic_stone":1,"stat.drop.iceandfire.silver_nugget":2,"stat.killEntity.Sheep":8,"stat.killEntity.FireZombie":1,"stat.pickup.minecraft.red_flower":10,"stat.useItem.tconstruct.seared":19,"stat.sneakTime":2242,"stat.mineBlock.tconstruct.casting":1,"stat.pickup.minecraft.wool":15,"stat.drop.minecraft.stone_axe":1,"stat.useItem.minecraft.wooden_axe":3,"stat.pickup.minecraft.dispenser":1,"stat.mineBlock.minecraft.stone":46,"stat.mineBlock.minecraft.tallgrass":16,"stat.craftItem.minecraft.cooked_mutton":6,"stat.drop.minecraft.wooden_axe":1,"stat.diveOneCm":17263,"stat.pickup.minecraft.chest":2}