{"stat.drop.tombstone.scroll_of_knowledge":1,"stat.pickup.minecraft.wooden_slab":1,"stat.mineBlock.tconstruct.seared_tank":1,"stat.entityKilledBy.stymphalianbird":1,"stat.leaveGame":6,"stat.drop.improvableskills.scroll_normal":1,"stat.pickup.tombstone.familiar_stone":5,"stat.useItem.minecraft.mutton":1,"stat.drop.minecraft.enchanted_book":1,"stat.entityKilledBy.FlyingCaveSpider":2,"stat.pickup.tconstruct.faucet":2,"stat.useItem.minecraft.planks":71,"stat.useItem.tombstone.familiar_stone":3,"stat.pickup.minecraft.golden_boots":1,"stat.pickup.minecraft.glowstone_dust":17,"stat.pickup.minecraft.porkchop":5,"stat.useItem.minecraft.water_bucket":4,"stat.pickup.minecraft.rotten_flesh":61,"stat.pickup.minecraft.sand":67,"stat.pickup.minecraft.brick_block":2,"stat.craftItem.minecraft.stone_axe":2,"stat.pickup.iceandfire.witherbone":3,"stat.pickup.minecraft.bucket":2,"stat.craftItem.tconstruct.casting":6,"stat.mineBlock.minecraft.wooden_slab":1,"stat.mineBlock.minecraft.sand":70,"stat.craftItem.minecraft.cooked_fish":4,"stat.craftItem.spartanshields.shield_basic_wood":2,"stat.hopperInspected":5,"stat.drop.minecraft.diamond":4,"stat.useItem.minecraft.iron_pickaxe":4,"stat.pickup.minecraft.stained_hardened_clay":1,"stat.craftItem.minecraft.wooden_pickaxe":1,"stat.mineBlock.minecraft.brick_block":2,"stat.craftItem.minecraft.bed":2,"stat.mineBlock.minecraft.vine":1,"stat.useItem.minecraft.oak_stairs":1,"stat.furnaceInteraction":138,"stat.pickup.minecraft.nether_brick":36,"stat.useItem.twilightforest.twilight_oak_door":1,"stat.pickup.improvableskills.skills_book":1,"stat.pickup.spartanshields.shield_tower_stone":1,"stat.pickup.minecraft.beef":44,"stat.useItem.minecraft.cooked_mutton":7,"stat.pickup.minecraft.furnace":2,"stat.pickup.tconstruct.cast":4,"stat.pickup.minecraft.leather_helmet":1,"stat.pickup.mowziesmobs.wrought_axe":1,"stat.drop.tconstruct.hammer_head":1,"stat.pickup.minecraft.iron_chestplate":1,"stat.pickup.minecraft.skull":1,"stat.pickup.tombstone.magic_scroll":8,"stat.mineBlock.tconstruct.ore":28,"stat.pickup.mowziesmobs.wrought_helmet":2,"stat.pickup.minecraft.stone_stairs":1,"stat.pickup.tconstruct.smeltery_io":1,"stat.useItem.minecraft.flint_and_steel":1,"stat.drop.artifacts.obsidian_skull":1,"stat.killEntity.PlagueZombie":2,"stat.useItem.minecraft.hopper":2,"stat.pickup.minecraft.saddle":2,"stat.pickup.dynamictrees.oakseed":38,"stat.mineBlock.minecraft.oak_stairs":2,"stat.deaths":35,"stat.pickup.minecraft.egg":1,"stat.playOneMinute":384345,"stat.pickup.minecraft.blaze_rod":1,"stat.drop.iceandfire.silver_nugget":2,"stat.useItem.minecraft.nether_brick":8,"stat.killEntity.MotherCaveSpider":1,"stat.pickup.artifacts.panic_necklace":1,"stat.craftItem.conarm.armorstation":1,"stat.pickup.minecraft.iron_bars":1,"stat.pickup.minecraft.dispenser":1,"stat.mineBlock.minecraft.tallgrass":33,"stat.craftItem.minecraft.cooked_mutton":9,"stat.pickup.minecraft.netherrack":449,"stat.pickup.tconstruct.seared":4,"stat.chestOpened":273,"stat.killEntity.ConflagrationBlaze":1,"stat.pickup.tconstruct.casting":2,"stat.useItem.minecraft.stone":1,"stat.mineBlock.minecraft.netherrack":619,"stat.pickup.minecraft.waterlily":21,"stat.pickup.minecraft.arrow":37,"stat.pickup.minecraft.iron_sword":1,"stat.pickup.tconstruct.hammer_head":1,"stat.killEntity.GatlingSkeleton":2,"stat.mineBlock.tconstruct.faucet":2,"stat.pickup.tconstruct.seared_furnace_controller":6,"stat.pickup.iceandfire.silver_nugget":4,"stat.fallOneCm":150853,"stat.pickup.minecraft.carrot":3,"stat.crouchOneCm":15805,"stat.craftItem.tconstruct.toolforge":1,"stat.mineBlock.minecraft.chest":2,"stat.craftItem.minecraft.iron_ingot":68,"stat.craftItem.minecraft.chest":15,"stat.pickup.minecraft.red_mushroom":1,"stat.pickup.minecraft.golden_leggings":1,"stat.killEntity.BruteWitherSkeleton":1,"stat.craftingTableInteraction":55,"stat.craftItem.tconstruct.pattern":31,"stat.pickup.minecraft.feather":4,"stat.mineBlock.tconstruct.smeltery_io":1,"stat.craftItem.tconstruct.materials":334,"stat.pickup.minecraft.planks":10,"stat.pickup.minecraft.wheat_seeds":16,"stat.mineBlock.minecraft.gravel":66,"stat.useItem.minecraft.stone_pickaxe":178,"stat.craftItem.tconstruct.seared_tank":2,"stat.craftItem.tconstruct.seared_furnace_controller":1,"stat.drop.tconstruct.tough_tool_rod":1,"stat.entityKilledBy.PoisonSkeleton":1,"stat.pickup.darkutils.material":2,"stat.pickup.tombstone.scroll_of_knowledge":1,"stat.useItem.mowziesmobs.wrought_axe":20,"stat.mineBlock.minecraft.dirt":190,"stat.pickup.tombstone.voodoo_poppet":1,"stat.entityKilledBy.FishingZombie":1,"stat.useItem.minecraft.bread":5,"stat.useItem.minecraft.torch":56,"stat.pickup.minecraft.golden_apple":3,"stat.craftItem.improvableskills.skills_book":1,"stat.drop.tombstone.crafting_ingredient":3,"stat.pickup.minecraft.iron_nugget":3,"stat.drop.minecraft.rotten_flesh":3,"stat.pickup.minecraft.crafting_table":5,"stat.useItem.minecraft.cobblestone":191,"stat.craftItem.minecraft.crafting_table":7,"stat.mineBlock.minecraft.double_plant":2,"stat.useItem.dynamictrees.oakseed":6,"stat.pickup.minecraft.log":93,"stat.useItem.minecraft.cooked_fish":4,"stat.useItem.tconstruct.pickaxe":600,"stat.drop.minecraft.iron_ore":8,"stat.pickup.minecraft.chicken":1,"stat.pickup.minecraft.apple":4,"stat.craftItem.tconstruct.smeltery_controller":1,"stat.craftItem.spartanshields.shield_tower_wood":1,"stat.drop.dynamictrees.oakseed":2,"stat.craftItem.minecraft.bucket":1,"stat.craftItem.minecraft.planks":388,"stat.useItem.minecraft.iron_sword":438,"stat.mineBlock.tconstruct.toolforge":1,"stat.pickup.minecraft.stone_sword":1,"stat.pickup.minecraft.book":21,"stat.mineBlock.minecraft.log":1,"stat.mineBlock.minecraft.waterlily":1,"stat.killEntity.FireZombie":3,"stat.pickup.minecraft.red_flower":10,"stat.sneakTime":6018,"stat.pickup.minecraft.wool":16,"stat.drop.tombstone.familiar_stone":2,"stat.useItem.minecraft.baked_potato":27,"stat.useItem.minecraft.wooden_axe":13,"stat.pickup.minecraft.stone_slab":22,"stat.pickup.minecraft.yellow_flower":1,"stat.drop.minecraft.wooden_axe":2,"stat.entityKilledBy.KnightSkeleton":3,"stat.pickup.minecraft.chest":2,"stat.pickup.minecraft.tripwire_hook":1,"stat.pickup.minecraft.bone":52,"stat.pickup.minecraft.bookshelf":1,"stat.killEntity.HungryZombie":4,"stat.mineBlock.minecraft.cobblestone":48,"stat.pickup.minecraft.stone_pickaxe":3,"stat.pickup.minecraft.flint":9,"stat.craftItem.tombstone.grave_key":3,"stat.craftItem.tconstruct.faucet":6,"stat.pickup.minecraft.leather_chestplate":1,"stat.drop.minecraft.iron_nugget":1,"stat.swimOneCm":43424,"stat.drop.minecraft.saddle":1,"stat.climbOneCm":2794,"stat.pickup.minecraft.enchanted_book":6,"stat.useItem.minecraft.obsidian":8,"stat.useItem.minecraft.dirt":97,"stat.killEntity.BabyCaveSpider":5,"stat.useItem.minecraft.stone_slab2":89,"stat.pickup.minecraft.bow":3,"stat.craftItem.minecraft.furnace":2,"stat.killEntity.BruteZombie":1,"stat.entityKilledBy.GiantZombie":1,"stat.killEntity.artifacts.mimic":2,"stat.craftItem.minecraft.iron_boots":1,"stat.craftItem.spartanshields.shield_tower_stone":1,"stat.drop.minecraft.ender_pearl":3,"stat.killEntity.SniperSkeleton":2,"stat.craftItem.minecraft.stone_pickaxe":2,"stat.craftItem.minecraft.cooked_beef":24,"stat.mineBlock.minecraft.obsidian":5,"stat.pickup.minecraft.cobblestone":755,"stat.drop.spartanshields.shield_tower_stone":2,"stat.mineBlock.minecraft.clay":17,"stat.useItem.minecraft.stone_shovel":340,"stat.flyOneCm":1361409,"stat.pickup.minecraft.clay":11,"stat.pickup.minecraft.fish":1,"stat.drop.minecraft.wheat_seeds":3,"stat.useItem.minecraft.cooked_beef":20,"stat.drop.minecraft.clay_ball":72,"stat.pickup.minecraft.redstone":293,"stat.mineBlock.minecraft.iron_ore":21,"stat.timeSinceDeath":24831,"stat.pickup.minecraft.mutton":11,"stat.pickup.minecraft.mossy_cobblestone":19,"stat.pickup.minecraft.wooden_axe":1,"stat.craftItem.tconstruct.seared":73,"stat.pickup.minecraft.stonebrick":12,"stat.pickup.minecraft.redstone_lamp":3,"stat.drop.minecraft.dirt":64,"stat.mineBlock.minecraft.coal_ore":39,"stat.mineBlock.minecraft.nether_brick":38,"stat.talkedToVillager":7,"stat.craftItem.tconstruct.soil":116,"stat.pickup.minecraft.string":27,"stat.killEntity.BruteSkeleton":1,"stat.pickup.tombstone.crafting_ingredient":19,"stat.craftItem.minecraft.stone_slab2":2,"stat.craftItem.tconstruct.tooltables":6,"stat.sprintOneCm":918538,"stat.pickup.minecraft.paper":2,"stat.entityKilledBy.BruteWitherSkeleton":1,"stat.pickup.improvableskills.scroll_normal":1,"stat.craftItem.minecraft.wooden_axe":3,"stat.craftItem.minecraft.stick":52,"stat.useItem.carryon.tile_item":6,"stat.mineBlock.minecraft.crafting_table":4,"stat.useItem.minecraft.diamond_pickaxe":103,"stat.waystones:waystonesActivated":1,"stat.useItem.minecraft.carrot":2,"stat.drop.minecraft.golden_apple":2,"stat.pickup.minecraft.leather_leggings":1,"stat.mineBlock.minecraft.planks":10,"stat.drop":54,"stat.craftItem.spartanshields.shield_basic_stone":2,"stat.killEntity.Sheep":9,"stat.pickup.tconstruct.ore":26,"stat.killEntity.KnightWitherSkeleton":1,"stat.useItem.tconstruct.seared":54,"stat.pickup.minecraft.golden_chestplate":1,"stat.craftItem.minecraft.diamond_pickaxe":1,"stat.pickup.minecraft.iron_block":2,"stat.useItem.tconstruct.hammer":710,"stat.pickup.minecraft.fire_charge":1,"stat.mineBlock.minecraft.gold_ore":3,"stat.diveOneCm":35517,"stat.drop.minecraft.diamond_pickaxe":1,"stat.pickup.tconstruct.tooltables":1,"stat.drop.improvableskills.skills_book":2,"stat.mineBlock.minecraft.mossy_cobblestone":21,"stat.craftItem.ironbackpacks.backpack":5,"stat.entityKilledBy.SniperSkeleton":2,"stat.pickup.tconstruct.toolforge":1,"stat.drop.minecraft.wooden_pickaxe":1,"stat.mineBlock.tconstruct.seared_furnace_controller":5,"stat.pickup.minecraft.gravel":67,"stat.killEntity.FlyingCaveSpider":3,"stat.drop.minecraft.cooked_beef":3,"stat.pickup.minecraft.stone_axe":2,"stat.useItem.minecraft.waterlily":1,"stat.useItem.minecraft.apple":7,"stat.pickup.tconstruct.tool_rod":1,"stat.pickup.minecraft.obsidian":5,"stat.useItem.minecraft.rotten_flesh":62,"stat.jump":5388,"stat.pickup.minecraft.coal":40,"stat.pickup.minecraft.iron_helmet":1,"stat.pickup.minecraft.iron_ingot":5,"stat.pickup.tconstruct.seared_tank":1,"stat.useItem.minecraft.stone_axe":138,"stat.pickup.minecraft.gunpowder":4,"stat.pickup.minecraft.spider_eye":14,"stat.craftItem.minecraft.torch":76,"stat.entityKilledBy.HungryZombie":1,"stat.pickup.minecraft.dirt":203,"stat.craftItem.minecraft.iron_helmet":1,"stat.pickup.minecraft.iron_ore":33,"stat.mineBlock.minecraft.iron_bars":1,"stat.pickup.minecraft.gold_ore":3,"stat.craftItem.minecraft.flint_and_steel":1,"stat.useItem.minecraft.redstone_lamp":1,"stat.mineBlock.tconstruct.tooltables":1,"stat.mineBlock.minecraft.glass_pane":2,"stat.mineBlock.minecraft.stone_stairs":1,"stat.damageTaken":17781,"stat.pickup.minecraft.leather":22,"stat.mineBlock.minecraft.red_flower":10,"stat.mineBlock.minecraft.furnace":2,"stat.mineBlock.minecraft.torch":1,"stat.useItem.minecraft.wooden_pickaxe":4,"stat.dispenserInspected":1,"tombstone:undead_killed":92,"stat.useItem.tombstone.grave_key":2,"stat.killEntity.KnightSkeleton":2,"stat.pickup.conarm.book":1,"stat.pickup.tconstruct.materials":26,"stat.pickup.minecraft.potato":1,"stat.pickup.minecraft.oak_stairs":2,"stat.craftItem.minecraft.glass":8,"stat.damageDealt":142,"stat.sleepInBed":8,"stat.killEntity.FishingZombie":3,"stat.craftItem.minecraft.baked_potato":36,"stat.killEntity.Cow":25,"stat.useItem.minecraft.crafting_table":2,"stat.killEntity.Pig":3,"stat.pickup.artifacts.obsidian_skull":1,"stat.craftItem.minecraft.iron_sword":1,"stat.craftItem.minecraft.stone_shovel":4,"stat.walkOneCm":784781,"stat.useItem.minecraft.chest":7,"stat.craftItem.tconstruct.smeltery_io":4,"stat.pickup.minecraft.stick":54,"stat.pickup.minecraft.diamond_pickaxe":1,"stat.pickup.minecraft.clay_ball":72,"stat.useItem.minecraft.lava_bucket":1,"stat.drop.tombstone.familiar_receptacle":1,"stat.useItem.tconstruct.faucet":1,"stat.useItem.tombstone.gift":2,"stat.pickup.minecraft.stone":93,"stat.craftItem.minecraft.iron_chestplate":1,"stat.killEntity.GiantZombie":2,"stat.pickup.minecraft.baked_potato":8,"stat.pickup.minecraft.ender_pearl":6,"stat.pickup.tombstone.familiar_receptacle":1,"stat.pickup.minecraft.ladder":1,"stat.pickup.minecraft.cooked_beef":4,"stat.pickup.minecraft.gold_ingot":9,"stat.useItem.minecraft.netherrack":15,"stat.mineBlock.minecraft.stonebrick":9,"stat.killEntity.Chicken":1,"stat.mineBlock.minecraft.glowstone":5,"stat.mobKills":180,"stat.mineBlock.minecraft.bookshelf":7,"stat.drop.tombstone.magic_scroll":2,"stat.useItem.minecraft.golden_apple":1,"stat.pickup.artifacts.whoopie_cushion":1,"stat.pickup.minecraft.diamond":50,"stat.pickup.minecraft.iron_horse_armor":2,"stat.pickup.minecraft.torch":14,"stat.mineBlock.tconstruct.seared":4,"stat.mineBlock.minecraft.redstone_ore":16,"stat.mineBlock.tconstruct.casting":2,"stat.drop.minecraft.stone_axe":1,"stat.mineBlock.minecraft.stone":709}