{"stat.drop.tombstone.scroll_of_knowledge":1,"stat.pickup.minecraft.wooden_slab":1,"stat.mineBlock.tconstruct.seared_tank":1,"stat.entityKilledBy.stymphalianbird":1,"stat.leaveGame":2,"stat.drop.improvableskills.scroll_normal":1,"stat.pickup.tombstone.familiar_stone":5,"stat.useItem.minecraft.mutton":1,"stat.drop.minecraft.enchanted_book":1,"stat.entityKilledBy.FlyingCaveSpider":1,"stat.pickup.tconstruct.faucet":2,"stat.useItem.minecraft.planks":38,"stat.pickup.minecraft.golden_boots":1,"stat.pickup.minecraft.porkchop":5,"stat.useItem.minecraft.water_bucket":2,"stat.pickup.minecraft.rotten_flesh":51,"stat.pickup.minecraft.sand":8,"stat.pickup.minecraft.brick_block":2,"stat.craftItem.minecraft.stone_axe":2,"stat.pickup.minecraft.bucket":2,"stat.craftItem.tconstruct.casting":3,"stat.mineBlock.minecraft.wooden_slab":1,"stat.mineBlock.minecraft.sand":8,"stat.craftItem.minecraft.cooked_fish":4,"stat.craftItem.spartanshields.shield_basic_wood":1,"stat.hopperInspected":5,"stat.drop.minecraft.diamond":4,"stat.pickup.minecraft.stained_hardened_clay":1,"stat.craftItem.minecraft.wooden_pickaxe":1,"stat.mineBlock.minecraft.brick_block":2,"stat.craftItem.minecraft.bed":2,"stat.mineBlock.minecraft.vine":1,"stat.furnaceInteraction":79,"stat.useItem.twilightforest.twilight_oak_door":1,"stat.pickup.improvableskills.skills_book":1,"stat.pickup.spartanshields.shield_tower_stone":1,"stat.pickup.minecraft.beef":44,"stat.useItem.minecraft.cooked_mutton":7,"stat.pickup.minecraft.furnace":2,"stat.pickup.mowziesmobs.wrought_axe":1,"stat.drop.tconstruct.hammer_head":1,"stat.pickup.tombstone.magic_scroll":3,"stat.pickup.mowziesmobs.wrought_helmet":2,"stat.pickup.minecraft.stone_stairs":1,"stat.pickup.tconstruct.smeltery_io":1,"stat.drop.artifacts.obsidian_skull":1,"stat.killEntity.PlagueZombie":1,"stat.useItem.minecraft.hopper":2,"stat.pickup.minecraft.saddle":2,"stat.pickup.dynamictrees.oakseed":36,"stat.deaths":28,"stat.pickup.minecraft.egg":1,"stat.playOneMinute":253176,"stat.drop.iceandfire.silver_nugget":2,"stat.killEntity.MotherCaveSpider":1,"stat.pickup.minecraft.iron_bars":1,"stat.pickup.minecraft.dispenser":1,"stat.mineBlock.minecraft.tallgrass":26,"stat.craftItem.minecraft.cooked_mutton":9,"stat.chestOpened":163,"stat.pickup.tconstruct.casting":1,"stat.useItem.minecraft.stone":1,"stat.pickup.minecraft.waterlily":21,"stat.pickup.minecraft.arrow":20,"stat.pickup.minecraft.iron_sword":1,"stat.pickup.tconstruct.hammer_head":1,"stat.killEntity.GatlingSkeleton":1,"stat.mineBlock.tconstruct.faucet":2,"stat.pickup.tconstruct.seared_furnace_controller":6,"stat.pickup.iceandfire.silver_nugget":4,"stat.fallOneCm":118732,"stat.pickup.minecraft.carrot":3,"stat.crouchOneCm":9428,"stat.craftItem.tconstruct.toolforge":1,"stat.mineBlock.minecraft.chest":2,"stat.craftItem.minecraft.iron_ingot":68,"stat.craftItem.minecraft.chest":8,"stat.pickup.minecraft.red_mushroom":1,"stat.craftingTableInteraction":42,"stat.craftItem.tconstruct.pattern":13,"stat.pickup.minecraft.feather":4,"stat.mineBlock.tconstruct.smeltery_io":1,"stat.craftItem.tconstruct.materials":218,"stat.pickup.minecraft.planks":10,"stat.pickup.minecraft.wheat_seeds":16,"stat.mineBlock.minecraft.gravel":66,"stat.useItem.minecraft.stone_pickaxe":172,"stat.craftItem.tconstruct.seared_tank":2,"stat.craftItem.tconstruct.seared_furnace_controller":1,"stat.drop.tconstruct.tough_tool_rod":1,"stat.pickup.tombstone.scroll_of_knowledge":1,"stat.useItem.mowziesmobs.wrought_axe":20,"stat.mineBlock.minecraft.dirt":187,"stat.entityKilledBy.FishingZombie":1,"stat.useItem.minecraft.bread":5,"stat.useItem.minecraft.torch":23,"stat.pickup.minecraft.golden_apple":3,"stat.craftItem.improvableskills.skills_book":1,"stat.drop.tombstone.crafting_ingredient":3,"stat.pickup.minecraft.iron_nugget":2,"stat.drop.minecraft.rotten_flesh":3,"stat.pickup.minecraft.crafting_table":5,"stat.useItem.minecraft.cobblestone":123,"stat.craftItem.minecraft.crafting_table":5,"stat.mineBlock.minecraft.double_plant":2,"stat.useItem.dynamictrees.oakseed":6,"stat.pickup.minecraft.log":86,"stat.useItem.minecraft.cooked_fish":4,"stat.drop.minecraft.iron_ore":8,"stat.pickup.minecraft.chicken":1,"stat.pickup.minecraft.apple":4,"stat.craftItem.tconstruct.smeltery_controller":1,"stat.craftItem.spartanshields.shield_tower_wood":1,"stat.craftItem.minecraft.bucket":1,"stat.craftItem.minecraft.planks":200,"stat.useItem.minecraft.iron_sword":316,"stat.mineBlock.tconstruct.toolforge":1,"stat.pickup.minecraft.book":21,"stat.mineBlock.minecraft.log":1,"stat.mineBlock.minecraft.waterlily":1,"stat.killEntity.FireZombie":3,"stat.pickup.minecraft.red_flower":10,"stat.sneakTime":3344,"stat.pickup.minecraft.wool":16,"stat.drop.tombstone.familiar_stone":2,"stat.useItem.minecraft.wooden_axe":13,"stat.pickup.minecraft.stone_slab":22,"stat.pickup.minecraft.yellow_flower":1,"stat.drop.minecraft.wooden_axe":2,"stat.entityKilledBy.KnightSkeleton":2,"stat.pickup.minecraft.chest":2,"stat.pickup.minecraft.tripwire_hook":1,"stat.pickup.minecraft.bone":31,"stat.pickup.minecraft.bookshelf":1,"stat.killEntity.HungryZombie":4,"stat.mineBlock.minecraft.cobblestone":43,"stat.pickup.minecraft.stone_pickaxe":3,"stat.pickup.minecraft.flint":9,"stat.craftItem.tombstone.grave_key":3,"stat.craftItem.tconstruct.faucet":2,"stat.swimOneCm":24538,"stat.drop.minecraft.saddle":1,"stat.climbOneCm":2636,"stat.pickup.minecraft.enchanted_book":1,"stat.useItem.minecraft.obsidian":4,"stat.useItem.minecraft.dirt":97,"stat.killEntity.BabyCaveSpider":5,"stat.useItem.minecraft.stone_slab2":70,"stat.pickup.minecraft.bow":2,"stat.craftItem.minecraft.furnace":2,"stat.killEntity.BruteZombie":1,"stat.entityKilledBy.GiantZombie":1,"stat.killEntity.artifacts.mimic":1,"stat.craftItem.minecraft.iron_boots":1,"stat.craftItem.spartanshields.shield_tower_stone":1,"stat.drop.minecraft.ender_pearl":3,"stat.killEntity.SniperSkeleton":1,"stat.craftItem.minecraft.stone_pickaxe":2,"stat.craftItem.minecraft.cooked_beef":15,"stat.pickup.minecraft.cobblestone":397,"stat.drop.spartanshields.shield_tower_stone":2,"stat.mineBlock.minecraft.clay":17,"stat.useItem.minecraft.stone_shovel":276,"stat.flyOneCm":1045540,"stat.drop.minecraft.wheat_seeds":3,"stat.useItem.minecraft.cooked_beef":17,"stat.drop.minecraft.clay_ball":72,"stat.pickup.minecraft.redstone":12,"stat.mineBlock.minecraft.iron_ore":15,"stat.timeSinceDeath":9016,"stat.pickup.minecraft.mutton":11,"stat.pickup.minecraft.mossy_cobblestone":17,"stat.pickup.minecraft.wooden_axe":1,"stat.craftItem.tconstruct.seared":57,"stat.pickup.minecraft.stonebrick":12,"stat.pickup.minecraft.redstone_lamp":3,"stat.drop.minecraft.dirt":64,"stat.mineBlock.minecraft.coal_ore":29,"stat.talkedToVillager":7,"stat.pickup.minecraft.string":25,"stat.killEntity.BruteSkeleton":1,"stat.pickup.tombstone.crafting_ingredient":14,"stat.craftItem.minecraft.stone_slab2":0,"stat.craftItem.tconstruct.tooltables":6,"stat.sprintOneCm":571152,"stat.craftItem.minecraft.wooden_axe":3,"stat.craftItem.minecraft.stick":28,"stat.useItem.carryon.tile_item":6,"stat.mineBlock.minecraft.crafting_table":4,"stat.waystones:waystonesActivated":1,"stat.useItem.minecraft.carrot":2,"stat.drop.minecraft.golden_apple":2,"stat.mineBlock.minecraft.planks":10,"stat.drop":50,"stat.craftItem.spartanshields.shield_basic_stone":1,"stat.killEntity.Sheep":9,"stat.useItem.tconstruct.seared":40,"stat.pickup.minecraft.iron_block":2,"stat.useItem.tconstruct.hammer":312,"stat.pickup.minecraft.fire_charge":1,"stat.diveOneCm":21913,"stat.pickup.tconstruct.tooltables":1,"stat.drop.improvableskills.skills_book":2,"stat.mineBlock.minecraft.mossy_cobblestone":19,"stat.craftItem.ironbackpacks.backpack":3,"stat.entityKilledBy.SniperSkeleton":2,"stat.pickup.tconstruct.toolforge":1,"stat.drop.minecraft.wooden_pickaxe":1,"stat.mineBlock.tconstruct.seared_furnace_controller":5,"stat.pickup.minecraft.gravel":67,"stat.killEntity.FlyingCaveSpider":3,"stat.drop.minecraft.cooked_beef":2,"stat.pickup.minecraft.stone_axe":2,"stat.useItem.minecraft.waterlily":1,"stat.useItem.minecraft.apple":7,"stat.pickup.tconstruct.tool_rod":1,"stat.useItem.minecraft.rotten_flesh":29,"stat.jump":3624,"stat.pickup.minecraft.coal":29,"stat.pickup.minecraft.iron_ingot":5,"stat.pickup.tconstruct.seared_tank":1,"stat.useItem.minecraft.stone_axe":135,"stat.pickup.minecraft.gunpowder":2,"stat.pickup.minecraft.spider_eye":14,"stat.craftItem.minecraft.torch":16,"stat.entityKilledBy.HungryZombie":1,"stat.pickup.minecraft.dirt":201,"stat.craftItem.minecraft.iron_helmet":1,"stat.pickup.minecraft.iron_ore":21,"stat.mineBlock.minecraft.iron_bars":1,"stat.useItem.minecraft.redstone_lamp":1,"stat.mineBlock.tconstruct.tooltables":1,"stat.mineBlock.minecraft.glass_pane":2,"stat.mineBlock.minecraft.stone_stairs":1,"stat.damageTaken":14143,"stat.pickup.minecraft.leather":22,"stat.mineBlock.minecraft.red_flower":10,"stat.mineBlock.minecraft.furnace":2,"stat.mineBlock.minecraft.torch":1,"stat.useItem.minecraft.wooden_pickaxe":4,"stat.dispenserInspected":1,"tombstone:undead_killed":65,"stat.useItem.tombstone.grave_key":2,"stat.killEntity.KnightSkeleton":2,"stat.pickup.conarm.book":1,"stat.pickup.tconstruct.materials":24,"stat.pickup.minecraft.potato":1,"stat.craftItem.minecraft.glass":8,"stat.damageDealt":142,"stat.sleepInBed":8,"stat.killEntity.FishingZombie":2,"stat.killEntity.Cow":25,"stat.useItem.minecraft.crafting_table":2,"stat.killEntity.Pig":3,"stat.pickup.artifacts.obsidian_skull":1,"stat.craftItem.minecraft.iron_sword":1,"stat.craftItem.minecraft.stone_shovel":3,"stat.walkOneCm":560156,"stat.useItem.minecraft.chest":4,"stat.craftItem.tconstruct.smeltery_io":1,"stat.pickup.minecraft.stick":54,"stat.pickup.minecraft.clay_ball":72,"stat.drop.tombstone.familiar_receptacle":1,"stat.useItem.tombstone.gift":2,"stat.pickup.minecraft.stone":14,"stat.craftItem.minecraft.iron_chestplate":1,"stat.killEntity.GiantZombie":1,"stat.pickup.minecraft.ender_pearl":6,"stat.pickup.tombstone.familiar_receptacle":1,"stat.pickup.minecraft.ladder":1,"stat.pickup.minecraft.cooked_beef":4,"stat.pickup.minecraft.gold_ingot":9,"stat.mineBlock.minecraft.stonebrick":9,"stat.killEntity.Chicken":1,"stat.mobKills":145,"stat.mineBlock.minecraft.bookshelf":7,"stat.drop.tombstone.magic_scroll":2,"stat.useItem.minecraft.golden_apple":1,"stat.pickup.minecraft.diamond":25,"stat.pickup.minecraft.iron_horse_armor":2,"stat.pickup.minecraft.torch":12,"stat.mineBlock.tconstruct.casting":1,"stat.drop.minecraft.stone_axe":1,"stat.mineBlock.minecraft.stone":341}