{"stat.chestOpened":14,"stat.pickup.minecraft.rotten_flesh":12,"stat.walkOneCm":6946,"stat.pickup.minecraft.golden_apple":2,"stat.useItem.carryon.tile_item":1,"stat.useItem.minecraft.chest":2,"stat.leaveGame":1,"stat.pickup.minecraft.waterlily":7,"stat.drop.minecraft.ender_pearl":2,"stat.pickup.minecraft.bucket":2,"stat.useItem.minecraft.hopper":2,"stat.pickup.minecraft.saddle":2,"stat.drop.minecraft.golden_apple":1,"stat.useItem.twilightforest.twilight_oak_door":1,"stat.flyOneCm":274878,"stat.pickup.iceandfire.silver_nugget":4,"stat.deaths":1,"stat.pickup.minecraft.diamond":23,"stat.drop":6,"stat.swimOneCm":604,"stat.jump":52,"stat.drop.minecraft.saddle":1,"stat.playOneMinute":9898,"stat.climbOneCm":612,"stat.drop.iceandfire.silver_nugget":2,"stat.sneakTime":611,"stat.pickup.minecraft.redstone":10,"stat.crouchOneCm":415,"stat.timeSinceDeath":488,"stat.pickup.minecraft.ender_pearl":6,"stat.hopperInspected":5,"stat.sprintOneCm":10102,"stat.useItem.minecraft.stone_slab2":4,"stat.diveOneCm":187}