{"stat.chestOpened":23,"stat.drop.minecraft.stone_pickaxe":1,"stat.pickup.minecraft.bone":2,"stat.pickup.iceandfire.troll_leather_mountain":4,"stat.useItem.minecraft.stone":4,"stat.drop.minecraft.wooden_pickaxe":1,"stat.mineBlock.minecraft.netherrack":12,"stat.leaveGame":4,"stat.pickup.minecraft.gravel":10,"stat.pickup.minecraft.arrow":2,"stat.pickup.minecraft.flint":2,"stat.craftItem.minecraft.iron_axe":1,"stat.useItem.minecraft.apple":1,"stat.pickup.minecraft.flower_pot":1,"stat.useItem.byg.soapstone":3,"stat.useItem.byg.salal_berry":6,"stat.pickup.byg.soapstone":25,"stat.jump":1372,"stat.swimOneCm":2398,"stat.useItem.tombstone.fishing_rod_of_misadventure":1,"stat.pickup.minecraft.coal":151,"stat.fallOneCm":18393,"stat.useItem.minecraft.stone_axe":104,"stat.pickup.minecraft.gunpowder":7,"stat.crouchOneCm":3053,"stat.craftItem.minecraft.torch":24,"stat.craftItem.minecraft.iron_ingot":8,"stat.pickup.byg.scoria":111,"stat.pickup.minecraft.dirt":15,"stat.useItem.minecraft.dirt":9,"stat.useItem.minecraft.cookie":3,"stat.useItem.minecraft.stone_slab2":20,"stat.craftingTableInteraction":10,"stat.pickup.minecraft.iron_ore":36,"stat.pickup.minecraft.rotten_flesh":3,"stat.pickup.iceandfire.silver_ore":4,"stat.pickup.minecraft.gold_ore":2,"stat.mineBlock.minecraft.iron_bars":2,"stat.useItem.byg.scoria":3,"stat.craftItem.minecraft.stone_axe":1,"stat.damageTaken":823,"stat.pickup.minecraft.leather":11,"stat.mineBlock.minecraft.red_flower":1,"stat.craftItem.minecraft.stone_pickaxe":3,"stat.mineBlock.minecraft.furnace":2,"stat.mineBlock.minecraft.torch":6,"stat.useItem.minecraft.wooden_pickaxe":3,"stat.dispenserInspected":1,"stat.craftItem.minecraft.cooked_beef":7,"stat.pickup.minecraft.cobblestone":112,"stat.pickup.byg.salal_berry":6,"stat.flyOneCm":403967,"stat.pickup.minecraft.bed":1,"stat.pickup.minecraft.soul_sand":18,"tombstone:undead_killed":4,"stat.pickup.minecraft.wheat_seeds":4,"stat.mineBlock.byg.scoria":113,"stat.pickup.minecraft.fish":1,"stat.mineBlock.minecraft.gravel":8,"stat.useItem.minecraft.stone_pickaxe":307,"stat.useItem.minecraft.cooked_beef":4,"stat.pickup.minecraft.redstone":9,"stat.mineBlock.minecraft.iron_ore":32,"stat.timeSinceDeath":45463,"stat.killEntity.Cow":7,"stat.mineBlock.minecraft.dirt":15,"stat.useItem.minecraft.iron_pickaxe":164,"stat.craftItem.minecraft.wooden_pickaxe":1,"stat.walkOneCm":175241,"stat.useItem.minecraft.torch":19,"stat.useItem.minecraft.bread":1,"stat.playerKills":2,"stat.pickup.minecraft.stick":2,"stat.mineBlock.iceandfire.silver_ore":4,"stat.pickup.minecraft.crafting_table":7,"stat.useItem.minecraft.cobblestone":1,"stat.furnaceInteraction":11,"stat.craftItem.minecraft.crafting_table":1,"stat.mineBlock.minecraft.coal_ore":149,"stat.mineBlock.minecraft.emerald_ore":2,"stat.pickup.minecraft.log":49,"stat.pickup.minecraft.beef":12,"stat.useItem.tombstone.gift":1,"stat.pickup.minecraft.furnace":2,"stat.pickup.tombstone.crafting_ingredient":1,"stat.craftItem.minecraft.stone_slab2":0,"stat.pickup.minecraft.stone":23,"stat.mineBlock.byg.prairie_grass8":3,"stat.killEntity.if_troll":1,"stat.mineBlock.byg.prairie_grass7":1,"stat.mineBlock.byg.salal_bush_ripe":3,"stat.pickup.minecraft.sapling":1,"stat.sprintOneCm":147518,"stat.mineBlock.byg.prairie_grass3":1,"stat.mineBlock.byg.prairie_grass2":1,"stat.craftItem.minecraft.stick":72,"stat.craftItem.iceandfire.mountain_troll_leather_boots":1,"stat.useItem.carryon.tile_item":2,"stat.craftItem.minecraft.planks":44,"stat.mineBlock.byg.soapstone":25,"stat.pickup.iceandfire.troll_skull":1,"stat.mineBlock.minecraft.diamond_ore":2,"stat.drop.minecraft.crafting_table":1,"stat.mineBlock.minecraft.crafting_table":7,"stat.pickup.minecraft.bread":1,"stat.useItem.minecraft.carrot":1,"stat.pickup.byg.firlog":1,"stat.mobKills":13,"stat.pickup.minecraft.saddle":1,"stat.pickup.minecraft.emerald":2,"stat.pickup.minecraft.book":3,"stat.mineBlock.minecraft.log":49,"stat.mineBlock.minecraft.soul_sand":5,"stat.mineBlock.minecraft.bookshelf":1,"stat.useItem.minecraft.beef":1,"stat.useItem.carryon.entity_item":8,"stat.deaths":3,"stat.drop":3,"stat.pickup.minecraft.diamond":4,"stat.mineBlock.minecraft.leaves":12,"stat.playOneMinute":98167,"stat.pickup.minecraft.torch":8,"stat.pickup.minecraft.red_flower":3,"stat.sneakTime":1549,"stat.craftItem.minecraft.iron_pickaxe":1,"stat.pickup.minecraft.iron_bars":2,"stat.mineBlock.minecraft.stone":126,"stat.mineBlock.minecraft.gold_ore":2,"stat.fishCaught":1,"stat.mineBlock.minecraft.tallgrass":18,"stat.pickup.minecraft.netherrack":49,"stat.diveOneCm":1121,"stat.pickup.minecraft.wheat":2,"stat.pickup.minecraft.chest":1}