{"stat.chestOpened":10,"stat.walkOneCm":17865,"stat.useItem.carryon.tile_item":1,"stat.leaveGame":3,"stat.damageTaken":75,"stat.mineBlock.minecraft.red_flower":1,"stat.useItem.carryon.entity_item":7,"stat.flyOneCm":286298,"stat.deaths":2,"stat.pickup.minecraft.wheat_seeds":1,"stat.jump":159,"stat.swimOneCm":507,"stat.playOneMinute":37965,"stat.useItem.tombstone.fishing_rod_of_misadventure":1,"stat.pickup.minecraft.fish":1,"stat.fallOneCm":1020,"stat.useItem.tombstone.gift":1,"stat.pickup.minecraft.red_flower":1,"stat.sneakTime":636,"stat.crouchOneCm":1057,"stat.mineBlock.byg.prairie_grass8":1,"stat.timeSinceDeath":15842,"stat.sprintOneCm":11269,"stat.mineBlock.byg.prairie_grass3":1,"stat.useItem.minecraft.stone_slab2":1,"stat.fishCaught":1,"stat.mineBlock.minecraft.tallgrass":4,"stat.mineBlock.byg.prairie_grass2":1}