{"stat.chestOpened":11,"stat.drop.minecraft.stone_pickaxe":1,"stat.walkOneCm":107036,"stat.useItem.minecraft.torch":13,"stat.pickup.minecraft.bone":2,"stat.playerKills":2,"stat.drop.minecraft.wooden_pickaxe":1,"stat.leaveGame":4,"stat.pickup.minecraft.gravel":10,"stat.pickup.minecraft.arrow":1,"stat.pickup.minecraft.crafting_table":4,"stat.craftItem.minecraft.crafting_table":1,"stat.furnaceInteraction":9,"stat.pickup.minecraft.flint":2,"stat.mineBlock.minecraft.coal_ore":44,"stat.pickup.minecraft.log":4,"stat.useItem.byg.salal_berry":6,"stat.pickup.byg.soapstone":4,"stat.jump":764,"stat.swimOneCm":2344,"stat.useItem.tombstone.fishing_rod_of_misadventure":1,"stat.pickup.minecraft.coal":46,"stat.fallOneCm":12989,"stat.pickup.minecraft.beef":12,"stat.useItem.tombstone.gift":1,"stat.pickup.minecraft.furnace":2,"stat.pickup.tombstone.crafting_ingredient":1,"stat.useItem.minecraft.stone_axe":41,"stat.craftItem.minecraft.stone_slab2":0,"stat.pickup.minecraft.stone":13,"stat.pickup.minecraft.gunpowder":1,"stat.crouchOneCm":2184,"stat.mineBlock.byg.prairie_grass8":3,"stat.mineBlock.byg.prairie_grass7":1,"stat.mineBlock.byg.salal_bush_ripe":3,"stat.craftItem.minecraft.torch":8,"stat.craftItem.minecraft.iron_ingot":8,"stat.pickup.byg.scoria":87,"stat.pickup.minecraft.dirt":14,"stat.sprintOneCm":78951,"stat.mineBlock.byg.prairie_grass3":1,"stat.useItem.minecraft.stone_slab2":11,"stat.mineBlock.byg.prairie_grass2":1,"stat.craftItem.minecraft.stick":16,"stat.craftingTableInteraction":5,"stat.pickup.minecraft.iron_ore":18,"stat.useItem.carryon.tile_item":2,"stat.craftItem.minecraft.planks":16,"stat.mineBlock.byg.soapstone":4,"stat.craftItem.minecraft.stone_axe":1,"stat.drop.minecraft.crafting_table":1,"stat.damageTaken":624,"stat.mineBlock.minecraft.crafting_table":4,"stat.pickup.minecraft.leather":11,"stat.mineBlock.minecraft.red_flower":1,"stat.craftItem.minecraft.stone_pickaxe":3,"stat.mineBlock.minecraft.furnace":2,"stat.mineBlock.minecraft.torch":5,"stat.useItem.minecraft.wooden_pickaxe":3,"stat.dispenserInspected":1,"stat.craftItem.minecraft.cooked_beef":7,"stat.pickup.byg.firlog":1,"stat.pickup.minecraft.cobblestone":71,"stat.mobKills":10,"stat.mineBlock.minecraft.log":4,"stat.pickup.byg.salal_berry":6,"stat.useItem.minecraft.beef":1,"stat.useItem.carryon.entity_item":8,"stat.flyOneCm":361698,"stat.deaths":3,"tombstone:undead_killed":2,"stat.pickup.minecraft.wheat_seeds":4,"stat.drop":3,"stat.mineBlock.byg.scoria":87,"stat.playOneMinute":73867,"stat.pickup.minecraft.fish":1,"stat.pickup.minecraft.torch":6,"stat.mineBlock.minecraft.gravel":8,"stat.useItem.minecraft.stone_pickaxe":228,"stat.pickup.minecraft.red_flower":2,"stat.useItem.minecraft.cooked_beef":2,"stat.sneakTime":1269,"stat.craftItem.minecraft.iron_pickaxe":1,"stat.mineBlock.minecraft.iron_ore":14,"stat.timeSinceDeath":21163,"stat.killEntity.Cow":7,"stat.mineBlock.minecraft.dirt":14,"stat.useItem.minecraft.iron_pickaxe":3,"stat.craftItem.minecraft.wooden_pickaxe":1,"stat.mineBlock.minecraft.stone":81,"stat.fishCaught":1,"stat.mineBlock.minecraft.tallgrass":18,"stat.diveOneCm":1121}