{"stat.chestOpened":54,"stat.pickup.minecraft.tripwire_hook":1,"stat.drop.improvableskills.skills_book":1,"stat.craftItem.ironbackpacks.backpack":1,"stat.drop.minecraft.wooden_pickaxe":1,"stat.leaveGame":1,"stat.pickup.minecraft.waterlily":8,"stat.pickup.minecraft.stone_pickaxe":2,"stat.pickup.minecraft.stone_axe":2,"stat.useItem.minecraft.waterlily":1,"stat.drop.improvableskills.scroll_normal":1,"stat.useItem.minecraft.apple":4,"stat.craftItem.tconstruct.faucet":1,"stat.pickup.iceandfire.silver_nugget":4,"stat.swimOneCm":5410,"stat.jump":1294,"stat.drop.minecraft.saddle":1,"stat.pickup.minecraft.coal":26,"stat.climbOneCm":2604,"stat.fallOneCm":40378,"stat.useItem.minecraft.planks":13,"stat.useItem.minecraft.stone_axe":76,"stat.pickup.minecraft.porkchop":5,"stat.crouchOneCm":4251,"stat.mineBlock.minecraft.chest":2,"stat.craftItem.minecraft.torch":16,"stat.entityKilledBy.HungryZombie":1,"stat.craftItem.minecraft.iron_ingot":3,"stat.craftItem.minecraft.chest":1,"stat.pickup.minecraft.dirt":133,"stat.useItem.minecraft.dirt":62,"stat.useItem.minecraft.stone_slab2":18,"stat.useItem.minecraft.water_bucket":1,"stat.craftingTableInteraction":24,"stat.pickup.minecraft.iron_ore":3,"stat.pickup.minecraft.rotten_flesh":16,"stat.pickup.minecraft.sand":5,"stat.craftItem.minecraft.furnace":2,"stat.craftItem.minecraft.stone_axe":1,"stat.damageTaken":806,"stat.craftItem.spartanshields.shield_tower_stone":1,"stat.pickup.minecraft.leather":7,"stat.drop.minecraft.ender_pearl":2,"stat.pickup.minecraft.bucket":2,"stat.mineBlock.minecraft.red_flower":10,"stat.craftItem.minecraft.stone_pickaxe":2,"stat.mineBlock.minecraft.furnace":1,"stat.useItem.minecraft.wooden_pickaxe":4,"stat.dispenserInspected":1,"stat.craftItem.minecraft.cooked_beef":12,"stat.craftItem.tconstruct.materials":86,"stat.pickup.minecraft.cobblestone":23,"stat.craftItem.tconstruct.casting":2,"stat.drop.spartanshields.shield_tower_stone":2,"stat.mineBlock.minecraft.clay":17,"stat.pickup.minecraft.planks":2,"stat.useItem.minecraft.stone_shovel":153,"stat.flyOneCm":532777,"tombstone:undead_killed":2,"stat.pickup.minecraft.wheat_seeds":8,"stat.mineBlock.minecraft.sand":5,"stat.pickup.tconstruct.materials":21,"stat.drop.minecraft.wheat_seeds":2,"stat.useItem.minecraft.stone_pickaxe":49,"stat.craftItem.tconstruct.seared_tank":1,"stat.craftItem.tconstruct.seared_furnace_controller":1,"stat.drop.minecraft.clay_ball":72,"stat.craftItem.minecraft.glass":5,"stat.pickup.minecraft.redstone":10,"stat.mineBlock.minecraft.iron_ore":3,"stat.sleepInBed":3,"stat.timeSinceDeath":36031,"stat.killEntity.FishingZombie":1,"stat.hopperInspected":5,"stat.killEntity.Cow":13,"stat.useItem.minecraft.crafting_table":2,"stat.mineBlock.minecraft.dirt":133,"stat.drop.minecraft.diamond":4,"stat.pickup.minecraft.stained_hardened_clay":1,"stat.craftItem.minecraft.wooden_pickaxe":1,"stat.killEntity.Pig":3,"stat.pickup.minecraft.mutton":10,"stat.craftItem.minecraft.stone_shovel":2,"stat.walkOneCm":127849,"stat.craftItem.minecraft.bed":2,"stat.useItem.minecraft.bread":2,"stat.useItem.minecraft.torch":7,"stat.pickup.minecraft.golden_apple":2,"stat.useItem.minecraft.chest":3,"stat.craftItem.improvableskills.skills_book":1,"stat.craftItem.tconstruct.smeltery_io":1,"stat.pickup.minecraft.stick":16,"stat.pickup.minecraft.wooden_axe":1,"stat.mineBlock.minecraft.vine":1,"stat.pickup.minecraft.crafting_table":4,"stat.craftItem.tconstruct.seared":16,"stat.pickup.minecraft.clay_ball":72,"stat.pickup.minecraft.stonebrick":1,"stat.craftItem.minecraft.crafting_table":1,"stat.furnaceInteraction":28,"stat.drop.minecraft.dirt":64,"stat.mineBlock.minecraft.coal_ore":26,"stat.useItem.dynamictrees.oakseed":6,"stat.useItem.twilightforest.twilight_oak_door":1,"stat.pickup.minecraft.log":27,"stat.pickup.minecraft.string":1,"stat.pickup.spartanshields.shield_tower_stone":1,"stat.pickup.minecraft.beef":23,"stat.useItem.tombstone.gift":1,"stat.useItem.minecraft.cooked_mutton":6,"stat.pickup.minecraft.furnace":1,"stat.craftItem.minecraft.stone_slab2":0,"stat.pickup.minecraft.ender_pearl":6,"stat.sprintOneCm":143648,"stat.pickup.minecraft.apple":4,"stat.pickup.minecraft.ladder":1,"stat.craftItem.minecraft.wooden_axe":2,"stat.craftItem.minecraft.stick":12,"stat.pickup.minecraft.gold_ingot":9,"stat.craftItem.spartanshields.shield_tower_wood":1,"stat.useItem.carryon.tile_item":4,"stat.craftItem.minecraft.bucket":1,"stat.craftItem.minecraft.planks":104,"stat.mineBlock.minecraft.crafting_table":3,"stat.useItem.minecraft.hopper":2,"stat.drop.minecraft.golden_apple":1,"stat.pickup.minecraft.saddle":2,"stat.mobKills":27,"stat.pickup.dynamictrees.oakseed":12,"stat.mineBlock.minecraft.log":1,"stat.mineBlock.minecraft.waterlily":1,"stat.deaths":2,"stat.mineBlock.minecraft.planks":2,"stat.drop":22,"stat.pickup.minecraft.diamond":25,"stat.playOneMinute":69810,"stat.drop.iceandfire.silver_nugget":2,"stat.killEntity.Sheep":8,"stat.pickup.minecraft.red_flower":10,"stat.useItem.tconstruct.seared":12,"stat.sneakTime":1707,"stat.pickup.minecraft.wool":15,"stat.drop.minecraft.stone_axe":1,"stat.useItem.minecraft.wooden_axe":3,"stat.pickup.minecraft.dispenser":1,"stat.mineBlock.minecraft.stone":22,"stat.mineBlock.minecraft.tallgrass":16,"stat.craftItem.minecraft.cooked_mutton":6,"stat.drop.minecraft.wooden_axe":1,"stat.diveOneCm":9608,"stat.pickup.minecraft.chest":2}