{"stat.chestOpened":16,"stat.mineBlock.iceandfire.ash":4,"stat.walkOneCm":53981,"stat.pickup.minecraft.bone":2,"stat.useItem.minecraft.torch":1,"stat.mineBlock.iceandfire.goldpile":71,"stat.useItem.minecraft.fish":5,"stat.pickup.minecraft.stick":13,"stat.leaveGame":1,"stat.pickup.minecraft.arrow":2,"stat.damageTaken":341,"stat.mobKills":4,"stat.pickup.minecraft.gold_nugget":361,"stat.pickup.randomloot.basic_case":7,"stat.killEntity.Anthermite":1,"stat.killEntity.Rogue":1,"stat.flyOneCm":79008,"stat.deaths":1,"stat.useItem.randomloot.sword":5,"tombstone:undead_killed":1,"stat.jump":478,"stat.swimOneCm":966,"stat.pickup.iceandfire.ash":5,"stat.useItem.randomloot.pickaxe":9,"stat.pickup.minecraft.fish":6,"stat.playOneMinute":21428,"stat.fallOneCm":17888,"stat.pickup.tombstone.crafting_ingredient":1,"stat.sneakTime":1,"stat.useItem.minecraft.stone_axe":1,"stat.damageDealt":425,"stat.pickup.randomloot.golden_case":2,"stat.timeSinceDeath":18667,"stat.useItem.minecraft.stained_hardened_clay":4,"stat.mineBlock.minecraft.stained_hardened_clay":9,"stat.sprintOneCm":46626,"stat.pickup.minecraft.stained_hardened_clay":9,"stat.diveOneCm":663,"stat.killEntity.Piranha":1}