{"stat.pickup.minecraft.bone":45,"stat.pickup.dungeontactics.bag_magic":1,"stat.pickup.dungeontactics.bag_mystery":1,"stat.killEntity.HungryZombie":2,"stat.leaveGame":3,"stat.killEntity.HuskZombie":1,"stat.pickup.minecraft.flint":2,"stat.useItem.minecraft.skull":2,"stat.swimOneCm":5059,"stat.climbOneCm":245,"stat.craftItem.minecraft.shield":2,"stat.pickup.minecraft.enchanted_book":1,"stat.mineBlock.minecraft.web":1,"stat.pickup.minecraft.golden_boots":1,"stat.useItem.minecraft.fire_charge":2,"stat.pickup.minecraft.golden_helmet":1,"stat.useItem.minecraft.cookie":5,"stat.killEntity.BabyCaveSpider":6,"stat.useItem.minecraft.dirt":2,"stat.useItem.minecraft.stone_slab2":9,"stat.pickup.minecraft.bow":2,"stat.killEntity.Piranha":1,"stat.pickup.minecraft.iron_boots":1,"stat.pickup.minecraft.rotten_flesh":57,"stat.killEntity.BruteZombie":2,"stat.killEntity.SniperSkeleton":1,"stat.useItem.dungeontactics.diamond_battleaxe":3,"stat.killEntity.Rogue":1,"stat.flyOneCm":161725,"stat.pickup.minecraft.clay":9,"stat.pickup.minecraft.chainmail_chestplate":3,"stat.pickup.iceandfire.ash":5,"stat.useItem.randomloot.pickaxe":11,"stat.pickup.minecraft.fish":7,"stat.pickup.minecraft.redstone":2,"stat.timeSinceDeath":53837,"stat.useItem.minecraft.iron_pickaxe":22,"stat.pickup.minecraft.stained_hardened_clay":11,"stat.pickup.minecraft.mossy_cobblestone":25,"stat.pickup.minecraft.chainmail_helmet":1,"stat.mineBlock.minecraft.vine":1,"stat.killEntity.FireSkeleton":2,"stat.killEntity.ZombieVillager":1,"stat.pickup.minecraft.string":31,"stat.killEntity.BruteSkeleton":1,"stat.useItem.minecraft.cooked_mutton":1,"stat.pickup.tombstone.crafting_ingredient":14,"stat.killEntity.WebCaveSpider":2,"stat.mineBlock.minecraft.stained_hardened_clay":11,"stat.sprintOneCm":96560,"stat.pickup.minecraft.iron_chestplate":1,"stat.mineBlock.minecraft.stone_slab":5,"stat.pickup.minecraft.skull":9,"stat.pickup.tombstone.magic_scroll":1,"stat.mineBlock.iceandfire.ash":4,"stat.useItem.minecraft.stone_slab":3,"stat.pickup.tombstone.gift":1,"stat.craftItem.dungeontactics.diamond_battleaxe":1,"stat.mineBlock.minecraft.crafting_table":1,"stat.killEntity.PlagueZombie":4,"stat.useItem.minecraft.carrot":1,"stat.pickup.dungeontactics.bag_arbour":1,"stat.deaths":1,"stat.killEntity.SpitfireSkeleton":3,"stat.playOneMinute":56598,"stat.killEntity.MotherCaveSpider":3,"stat.pickup.randomloot.golden_case":3,"stat.pickup.minecraft.fire_charge":6,"stat.mineBlock.minecraft.tallgrass":6,"stat.diveOneCm":1085,"stat.pickup.minecraft.cooked_mutton":1,"stat.chestOpened":32,"stat.mineBlock.minecraft.mossy_cobblestone":1,"stat.useItem.minecraft.fish":5,"stat.pickup.minecraft.arrow":37,"stat.killEntity.FlyingCaveSpider":1,"stat.pickup.minecraft.iron_sword":6,"stat.useItem.minecraft.diamond_axe":76,"stat.pickup.minecraft.stone_axe":1,"stat.pickup.dungeontactics.bag_ore":1,"stat.useItem.minecraft.apple":6,"stat.mineBlock.minecraft.deadbush":1,"stat.pickup.minecraft.gold_nugget":361,"stat.killEntity.Anthermite":1,"stat.useItem.minecraft.clay":7,"stat.useItem.minecraft.rotten_flesh":16,"stat.jump":1002,"stat.pickup.minecraft.coal":1,"stat.fallOneCm":54432,"stat.killEntity.NinjaSkeleton":1,"stat.pickup.minecraft.carrot":3,"stat.useItem.minecraft.stone_axe":23,"stat.pickup.minecraft.gunpowder":1,"stat.crouchOneCm":174,"stat.pickup.minecraft.spider_eye":8,"stat.pickup.dungeontactics.iron_cutlass":1,"stat.pickup.dungeontactics.bag_potion":3,"stat.pickup.minecraft.dirt":7,"stat.pickup.minecraft.red_mushroom":2,"stat.craftingTableInteraction":8,"stat.useItem.minecraft.sapling":5,"stat.pickup.minecraft.iron_axe":1,"stat.pickup.minecraft.cookie":6,"stat.damageTaken":2596,"stat.pickup.minecraft.feather":3,"stat.pickup.minecraft.iron_leggings":1,"stat.pickup.minecraft.bed":1,"stat.useItem.randomloot.sword":5,"tombstone:undead_killed":88,"stat.killEntity.KnightSkeleton":2,"stat.pickup.minecraft.wheat_seeds":1,"stat.pickup.minecraft.potato":1,"stat.damageDealt":26237,"stat.killEntity.FishingZombie":2,"stat.pickup.minecraft.chainmail_boots":2,"stat.walkOneCm":153991,"stat.useItem.minecraft.torch":10,"stat.useItem.minecraft.bread":12,"stat.playerKills":1,"stat.pickup.minecraft.stick":14,"stat.pickup.minecraft.iron_nugget":3,"stat.pickup.minecraft.crafting_table":1,"stat.pickup.minecraft.clay_ball":1,"stat.pickup.minecraft.iron_hoe":2,"stat.pickup.randomloot.basic_case":9,"stat.pickup.minecraft.log":17,"stat.pickup.minecraft.iron_pickaxe":2,"stat.useItem.tombstone.gift":2,"stat.killEntity.GiantZombie":4,"stat.pickup.minecraft.chainmail_leggings":2,"stat.useItem.minecraft.stained_hardened_clay":4,"stat.pickup.minecraft.sapling":6,"stat.pickup.minecraft.apple":1,"stat.mineBlock.iceandfire.goldpile":71,"stat.useItem.minecraft.iron_sword":151,"stat.craftItem.minecraft.planks":56,"stat.killEntity.GiantSkeleton":1,"stat.mobKills":134,"stat.mineBlock.minecraft.waterlily":1,"stat.pickup.minecraft.diamond":9,"stat.pickup.dungeontactics.bag_quiver":1,"stat.pickup.minecraft.torch":2,"stat.killEntity.FireZombie":2,"stat.sneakTime":74,"stat.pickup.minecraft.stone_slab":21}