{"stat.entityKilledBy.WebSpider":1,"stat.useItem.minecraft.mushroom_stew":1,"stat.pickup.minecraft.bone":3,"stat.useItem.minecraft.iron_axe":29,"stat.leaveGame":2,"stat.mineBlock.minecraft.cobblestone":4,"stat.pickup.minecraft.flint":5,"stat.craftItem.minecraft.iron_axe":1,"stat.mineBlock.minecraft.brown_mushroom":5,"stat.swimOneCm":10472,"stat.craftItem.minecraft.shield":1,"stat.mineBlock.minecraft.web":69,"stat.useItem.minecraft.dirt":2,"stat.useItem.minecraft.stone_slab2":19,"stat.pickup.minecraft.sand":1,"stat.pickup.minecraft.hardened_clay":2,"stat.pickup.minecraft.splash_potion":2,"stat.craftItem.minecraft.stone_axe":2,"stat.craftItem.minecraft.stone_pickaxe":1,"stat.pickup.minecraft.cobblestone":46,"stat.pickup.dungeontactics.iron_cluster":7,"stat.craftItem.minecraft.stone_sword":1,"stat.flyOneCm":56969,"stat.pickup.minecraft.chainmail_chestplate":2,"stat.pickup.minecraft.brown_mushroom":8,"stat.mineBlock.minecraft.sand":1,"stat.pickup.minecraft.fish":1,"stat.pickup.dungeontactics.gold_cluster":26,"stat.pickup.minecraft.redstone":4,"stat.mineBlock.minecraft.iron_ore":7,"stat.timeSinceDeath":1692,"stat.useItem.minecraft.spider_eye":2,"stat.useItem.minecraft.iron_pickaxe":114,"stat.pickup.umm3185118519.amber_ore":14,"stat.pickup.minecraft.stained_hardened_clay":2,"stat.craftItem.minecraft.wooden_pickaxe":1,"stat.pickup.minecraft.mossy_cobblestone":40,"stat.mineBlock.minecraft.rail":1,"stat.mineBlock.minecraft.coal_ore":15,"stat.pickup.minecraft.string":78,"stat.pickup.tombstone.crafting_ingredient":8,"stat.killEntity.Squid":2,"stat.sprintOneCm":131776,"stat.pickup.minecraft.skull":4,"stat.craftItem.minecraft.stick":8,"stat.pickup.tombstone.magic_scroll":1,"stat.entityKilledBy.mutantbeasts.mutant_skeleton":1,"stat.mineBlock.minecraft.crafting_table":1,"stat.mineBlock.minecraft.planks":77,"stat.deaths":4,"stat.drop":2,"stat.playOneMinute":42840,"stat.drop.minecraft.torch":1,"stat.pickup.dungeontactics.magic_powder":4,"stat.mineBlock.minecraft.gold_ore":28,"stat.pickup.dungeontactics.bag_food":1,"stat.diveOneCm":4876,"stat.chestOpened":5,"stat.useItem.minecraft.stone":3,"stat.pickup.minecraft.gravel":3,"stat.pickup.minecraft.arrow":3,"stat.pickup.minecraft.iron_sword":1,"stat.pickup.minecraft.stone_axe":1,"stat.pickup.dungeontactics.bag_ore":1,"stat.mineBlock.minecraft.deadbush":21,"stat.jump":749,"stat.pickup.minecraft.coal":15,"stat.fallOneCm":28382,"stat.pickup.minecraft.iron_ingot":8,"stat.useItem.minecraft.stone_axe":44,"stat.pickup.minecraft.gunpowder":1,"stat.crouchOneCm":643,"stat.pickup.minecraft.rail":6,"stat.pickup.minecraft.spider_eye":6,"stat.craftItem.minecraft.torch":60,"stat.pickup.dungeontactics.bag_potion":2,"stat.pickup.minecraft.dirt":21,"stat.pickup.minecraft.red_mushroom":1,"stat.mineBlock.minecraft.hardened_clay":1,"stat.craftingTableInteraction":8,"stat.pickup.minecraft.iron_ore":1,"stat.pickup.minecraft.mushroom_stew":1,"stat.damageTaken":1701,"stat.useItem.minecraft.wooden_pickaxe":7,"stat.pickup.minecraft.dye":4,"stat.pickup.minecraft.planks":72,"tombstone:undead_killed":2,"stat.mineBlock.minecraft.gravel":1,"stat.useItem.minecraft.stone_pickaxe":12,"stat.damageDealt":705,"stat.mineBlock.minecraft.dirt":7,"stat.craftItem.minecraft.iron_sword":1,"stat.mineBlock.umm3185118519.aquamarine_ore":2,"stat.walkOneCm":96463,"stat.useItem.minecraft.torch":88,"stat.useItem.minecraft.bread":8,"stat.pickup.umm3185118519.aquamarine_ore":2,"stat.pickup.minecraft.stick":19,"stat.pickup.minecraft.iron_nugget":6,"stat.pickup.minecraft.crafting_table":1,"stat.pickup.minecraft.spectral_arrow":13,"stat.useItem.minecraft.cobblestone":9,"stat.craftItem.minecraft.crafting_table":3,"stat.pickup.minecraft.iron_hoe":2,"stat.pickup.umm3185118519.pearl_ore":6,"stat.mineBlock.umm3185118519.amber_ore":14,"stat.mineBlock.umm3185118519.pearl_ore":3,"stat.pickup.minecraft.iron_pickaxe":1,"stat.useItem.tombstone.gift":1,"stat.pickup.minecraft.stone":10,"stat.pickup.minecraft.chainmail_leggings":3,"stat.pickup.minecraft.tipped_arrow":8,"stat.pickup.minecraft.gold_ingot":10,"stat.useItem.minecraft.iron_sword":81,"stat.mobKills":5,"stat.useItem.minecraft.golden_apple":1,"stat.useItem.minecraft.mossy_cobblestone":5,"stat.pickup.minecraft.diamond":2,"stat.pickup.dungeontactics.bag_quiver":2,"stat.pickup.minecraft.torch":5,"stat.sneakTime":121,"stat.pickup.minecraft.stone_slab":28,"stat.drop.tconstruct.book":1,"stat.mineBlock.minecraft.stone":49}